x	y	label	showSelected1	group
27	41	Tail	1	-1
27	41	Tail	2	-1
24	49	Head	2	-1
27	41	Tail	3	-1
24	49	Head	3	-1
16	52	Tail	3	-1
27	41	Tail	4	-1
24	49	Head	4	-1
16	52	Tail	4	-1
89	34	Tail	4	-1
27	41	Tail	5	-1
24	49	Head	5	-1
16	52	Tail	5	-1
89	34	Tail	5	-1
45	95	Tail	5	-1
27	41	Tail	6	-1
24	49	Head	6	-1
16	52	Tail	6	-1
89	34	Tail	6	-1
45	95	Tail	6	-1
40	10	Tail	6	-1
27	41	Tail	7	-1
24	49	Head	7	-1
16	52	Tail	7	-1
89	34	Tail	7	-1
45	95	Tail	7	-1
40	10	Tail	7	-1
36	7	Tail	7	-1
27	41	Tail	8	-1
24	49	Head	8	-1
16	52	Tail	8	-1
89	34	Tail	8	-1
45	95	Tail	8	-1
40	10	Tail	8	-1
36	7	Tail	8	-1
40	66	Head	8	-1
27	41	Tail	9	-1
24	49	Head	9	-1
16	52	Tail	9	-1
89	34	Tail	9	-1
45	95	Tail	9	-1
40	10	Tail	9	-1
36	7	Tail	9	-1
40	66	Head	9	-1
6	45	Stand	9	-1
27	41	Tail	10	-1
24	49	Head	10	-1
16	52	Tail	10	-1
89	34	Tail	10	-1
45	95	Tail	10	-1
40	10	Tail	10	-1
36	7	Tail	10	-1
40	66	Head	10	-1
6	45	Stand	10	-1
58	72	Head	10	-1
27	41	Tail	11	-1
24	49	Head	11	-1
16	52	Tail	11	-1
89	34	Tail	11	-1
45	95	Tail	11	-1
40	10	Tail	11	-1
36	7	Tail	11	-1
40	66	Head	11	-1
6	45	Stand	11	-1
58	72	Head	11	-1
89	4	Head	11	-1
27	41	Tail	12	-1
24	49	Head	12	-1
16	52	Tail	12	-1
89	34	Tail	12	-1
45	95	Tail	12	-1
40	10	Tail	12	-1
36	7	Tail	12	-1
40	66	Head	12	-1
6	45	Stand	12	-1
58	72	Head	12	-1
89	4	Head	12	-1
73	72	Tail	12	-1
27	41	Tail	13	-1
24	49	Head	13	-1
16	52	Tail	13	-1
89	34	Tail	13	-1
45	95	Tail	13	-1
40	10	Tail	13	-1
36	7	Tail	13	-1
40	66	Head	13	-1
6	45	Stand	13	-1
58	72	Head	13	-1
89	4	Head	13	-1
73	72	Tail	13	-1
53	24	Tail	13	-1
27	41	Tail	14	-1
24	49	Head	14	-1
16	52	Tail	14	-1
89	34	Tail	14	-1
45	95	Tail	14	-1
40	10	Tail	14	-1
36	7	Tail	14	-1
40	66	Head	14	-1
6	45	Stand	14	-1
58	72	Head	14	-1
89	4	Head	14	-1
73	72	Tail	14	-1
53	24	Tail	14	-1
48	4	Stand	14	-1
27	41	Tail	15	-1
24	49	Head	15	-1
16	52	Tail	15	-1
89	34	Tail	15	-1
45	95	Tail	15	-1
40	10	Tail	15	-1
36	7	Tail	15	-1
40	66	Head	15	-1
6	45	Stand	15	-1
58	72	Head	15	-1
89	4	Head	15	-1
73	72	Tail	15	-1
53	24	Tail	15	-1
48	4	Stand	15	-1
32	40	Stand	15	-1
27	41	Tail	16	-1
24	49	Head	16	-1
16	52	Tail	16	-1
89	34	Tail	16	-1
45	95	Tail	16	-1
40	10	Tail	16	-1
36	7	Tail	16	-1
40	66	Head	16	-1
6	45	Stand	16	-1
58	72	Head	16	-1
89	4	Head	16	-1
73	72	Tail	16	-1
53	24	Tail	16	-1
48	4	Stand	16	-1
32	40	Stand	16	-1
92	47	Head	16	-1
27	41	Tail	17	-1
24	49	Head	17	-1
16	52	Tail	17	-1
89	34	Tail	17	-1
45	95	Tail	17	-1
40	10	Tail	17	-1
36	7	Tail	17	-1
40	66	Head	17	-1
6	45	Stand	17	-1
58	72	Head	17	-1
89	4	Head	17	-1
73	72	Tail	17	-1
53	24	Tail	17	-1
48	4	Stand	17	-1
32	40	Stand	17	-1
92	47	Head	17	-1
73	42	Stand	17	-1
27	41	Tail	18	-1
24	49	Head	18	-1
16	52	Tail	18	-1
89	34	Tail	18	-1
45	95	Tail	18	-1
40	10	Tail	18	-1
36	7	Tail	18	-1
40	66	Head	18	-1
6	45	Stand	18	-1
58	72	Head	18	-1
89	4	Head	18	-1
73	72	Tail	18	-1
53	24	Tail	18	-1
48	4	Stand	18	-1
32	40	Stand	18	-1
92	47	Head	18	-1
73	42	Stand	18	-1
48	41	Head	18	-1
27	41	Tail	19	-1
24	49	Head	19	-1
16	52	Tail	19	-1
89	34	Tail	19	-1
45	95	Tail	19	-1
40	10	Tail	19	-1
36	7	Tail	19	-1
40	66	Head	19	-1
6	45	Stand	19	-1
58	72	Head	19	-1
89	4	Head	19	-1
73	72	Tail	19	-1
53	24	Tail	19	-1
48	4	Stand	19	-1
32	40	Stand	19	-1
92	47	Head	19	-1
73	42	Stand	19	-1
48	41	Head	19	-1
43	30	Stand	19	-1
27	41	Tail	20	-1
24	49	Head	20	-1
16	52	Tail	20	-1
89	34	Tail	20	-1
45	95	Tail	20	-1
40	10	Tail	20	-1
36	7	Tail	20	-1
40	66	Head	20	-1
6	45	Stand	20	-1
58	72	Head	20	-1
89	4	Head	20	-1
73	72	Tail	20	-1
53	24	Tail	20	-1
48	4	Stand	20	-1
32	40	Stand	20	-1
92	47	Head	20	-1
73	42	Stand	20	-1
48	41	Head	20	-1
43	30	Stand	20	-1
3	2	Tail	20	-1
27	41	Tail	21	-1
24	49	Head	21	-1
16	52	Tail	21	-1
89	34	Tail	21	-1
45	95	Tail	21	-1
40	10	Tail	21	-1
36	7	Tail	21	-1
40	66	Head	21	-1
6	45	Stand	21	-1
58	72	Head	21	-1
89	4	Head	21	-1
73	72	Tail	21	-1
53	24	Tail	21	-1
48	4	Stand	21	-1
32	40	Stand	21	-1
92	47	Head	21	-1
73	42	Stand	21	-1
48	41	Head	21	-1
43	30	Stand	21	-1
3	2	Tail	21	-1
77	26	Tail	21	-1
27	41	Tail	22	-1
24	49	Head	22	-1
16	52	Tail	22	-1
89	34	Tail	22	-1
45	95	Tail	22	-1
40	10	Tail	22	-1
36	7	Tail	22	-1
40	66	Head	22	-1
6	45	Stand	22	-1
58	72	Head	22	-1
89	4	Head	22	-1
73	72	Tail	22	-1
53	24	Tail	22	-1
48	4	Stand	22	-1
32	40	Stand	22	-1
92	47	Head	22	-1
73	42	Stand	22	-1
48	41	Head	22	-1
43	30	Stand	22	-1
3	2	Tail	22	-1
77	26	Tail	22	-1
11	77	Tail	22	-1
27	41	Tail	23	-1
24	49	Head	23	-1
16	52	Tail	23	-1
89	34	Tail	23	-1
45	95	Tail	23	-1
40	10	Tail	23	-1
36	7	Tail	23	-1
40	66	Head	23	-1
6	45	Stand	23	-1
58	72	Head	23	-1
89	4	Head	23	-1
73	72	Tail	23	-1
53	24	Tail	23	-1
48	4	Stand	23	-1
32	40	Stand	23	-1
92	47	Head	23	-1
73	42	Stand	23	-1
48	41	Head	23	-1
43	30	Stand	23	-1
3	2	Tail	23	-1
77	26	Tail	23	-1
11	77	Tail	23	-1
27	88	Head	23	-1
27	41	Tail	24	-1
24	49	Head	24	-1
16	52	Tail	24	-1
89	34	Tail	24	-1
45	95	Tail	24	-1
40	10	Tail	24	-1
36	7	Tail	24	-1
40	66	Head	24	-1
6	45	Stand	24	-1
58	72	Head	24	-1
89	4	Head	24	-1
73	72	Tail	24	-1
53	24	Tail	24	-1
48	4	Stand	24	-1
32	40	Stand	24	-1
92	47	Head	24	-1
73	42	Stand	24	-1
48	41	Head	24	-1
43	30	Stand	24	-1
3	2	Tail	24	-1
77	26	Tail	24	-1
11	77	Tail	24	-1
27	88	Head	24	-1
18	24	Head	24	-1
27	41	Tail	25	-1
24	49	Head	25	-1
16	52	Tail	25	-1
89	34	Tail	25	-1
45	95	Tail	25	-1
40	10	Tail	25	-1
36	7	Tail	25	-1
40	66	Head	25	-1
6	45	Stand	25	-1
58	72	Head	25	-1
89	4	Head	25	-1
73	72	Tail	25	-1
53	24	Tail	25	-1
48	4	Stand	25	-1
32	40	Stand	25	-1
92	47	Head	25	-1
73	42	Stand	25	-1
48	41	Head	25	-1
43	30	Stand	25	-1
3	2	Tail	25	-1
77	26	Tail	25	-1
11	77	Tail	25	-1
27	88	Head	25	-1
18	24	Head	25	-1
42	84	Head	25	-1
27	41	Tail	26	-1
24	49	Head	26	-1
16	52	Tail	26	-1
89	34	Tail	26	-1
45	95	Tail	26	-1
40	10	Tail	26	-1
36	7	Tail	26	-1
40	66	Head	26	-1
6	45	Stand	26	-1
58	72	Head	26	-1
89	4	Head	26	-1
73	72	Tail	26	-1
53	24	Tail	26	-1
48	4	Stand	26	-1
32	40	Stand	26	-1
92	47	Head	26	-1
73	42	Stand	26	-1
48	41	Head	26	-1
43	30	Stand	26	-1
3	2	Tail	26	-1
77	26	Tail	26	-1
11	77	Tail	26	-1
27	88	Head	26	-1
18	24	Head	26	-1
42	84	Head	26	-1
25	47	Stand	26	-1
27	41	Tail	27	-1
24	49	Head	27	-1
16	52	Tail	27	-1
89	34	Tail	27	-1
45	95	Tail	27	-1
40	10	Tail	27	-1
36	7	Tail	27	-1
40	66	Head	27	-1
6	45	Stand	27	-1
58	72	Head	27	-1
89	4	Head	27	-1
73	72	Tail	27	-1
53	24	Tail	27	-1
48	4	Stand	27	-1
32	40	Stand	27	-1
92	47	Head	27	-1
73	42	Stand	27	-1
48	41	Head	27	-1
43	30	Stand	27	-1
3	2	Tail	27	-1
77	26	Tail	27	-1
11	77	Tail	27	-1
27	88	Head	27	-1
18	24	Head	27	-1
42	84	Head	27	-1
25	47	Stand	27	-1
95	66	Tail	27	-1
27	41	Tail	28	-1
24	49	Head	28	-1
16	52	Tail	28	-1
89	34	Tail	28	-1
45	95	Tail	28	-1
40	10	Tail	28	-1
36	7	Tail	28	-1
40	66	Head	28	-1
6	45	Stand	28	-1
58	72	Head	28	-1
89	4	Head	28	-1
73	72	Tail	28	-1
53	24	Tail	28	-1
48	4	Stand	28	-1
32	40	Stand	28	-1
92	47	Head	28	-1
73	42	Stand	28	-1
48	41	Head	28	-1
43	30	Stand	28	-1
3	2	Tail	28	-1
77	26	Tail	28	-1
11	77	Tail	28	-1
27	88	Head	28	-1
18	24	Head	28	-1
42	84	Head	28	-1
25	47	Stand	28	-1
95	66	Tail	28	-1
91	45	Tail	28	-1
27	41	Tail	29	-1
24	49	Head	29	-1
16	52	Tail	29	-1
89	34	Tail	29	-1
45	95	Tail	29	-1
40	10	Tail	29	-1
36	7	Tail	29	-1
40	66	Head	29	-1
6	45	Stand	29	-1
58	72	Head	29	-1
89	4	Head	29	-1
73	72	Tail	29	-1
53	24	Tail	29	-1
48	4	Stand	29	-1
32	40	Stand	29	-1
92	47	Head	29	-1
73	42	Stand	29	-1
48	41	Head	29	-1
43	30	Stand	29	-1
3	2	Tail	29	-1
77	26	Tail	29	-1
11	77	Tail	29	-1
27	88	Head	29	-1
18	24	Head	29	-1
42	84	Head	29	-1
25	47	Stand	29	-1
95	66	Tail	29	-1
91	45	Tail	29	-1
6	43	Head	29	-1
27	41	Tail	30	-1
24	49	Head	30	-1
16	52	Tail	30	-1
89	34	Tail	30	-1
45	95	Tail	30	-1
40	10	Tail	30	-1
36	7	Tail	30	-1
40	66	Head	30	-1
6	45	Stand	30	-1
58	72	Head	30	-1
89	4	Head	30	-1
73	72	Tail	30	-1
53	24	Tail	30	-1
48	4	Stand	30	-1
32	40	Stand	30	-1
92	47	Head	30	-1
73	42	Stand	30	-1
48	41	Head	30	-1
43	30	Stand	30	-1
3	2	Tail	30	-1
77	26	Tail	30	-1
11	77	Tail	30	-1
27	88	Head	30	-1
18	24	Head	30	-1
42	84	Head	30	-1
25	47	Stand	30	-1
95	66	Tail	30	-1
91	45	Tail	30	-1
6	43	Head	30	-1
80	49	Tail	30	-1
27	41	Tail	31	-1
24	49	Head	31	-1
16	52	Tail	31	-1
89	34	Tail	31	-1
45	95	Tail	31	-1
40	10	Tail	31	-1
36	7	Tail	31	-1
40	66	Head	31	-1
6	45	Stand	31	-1
58	72	Head	31	-1
89	4	Head	31	-1
73	72	Tail	31	-1
53	24	Tail	31	-1
48	4	Stand	31	-1
32	40	Stand	31	-1
92	47	Head	31	-1
73	42	Stand	31	-1
48	41	Head	31	-1
43	30	Stand	31	-1
3	2	Tail	31	-1
77	26	Tail	31	-1
11	77	Tail	31	-1
27	88	Head	31	-1
18	24	Head	31	-1
42	84	Head	31	-1
25	47	Stand	31	-1
95	66	Tail	31	-1
91	45	Tail	31	-1
6	43	Head	31	-1
80	49	Tail	31	-1
68	10	Head	31	-1
27	41	Tail	32	-1
24	49	Head	32	-1
16	52	Tail	32	-1
89	34	Tail	32	-1
45	95	Tail	32	-1
40	10	Tail	32	-1
36	7	Tail	32	-1
40	66	Head	32	-1
6	45	Stand	32	-1
58	72	Head	32	-1
89	4	Head	32	-1
73	72	Tail	32	-1
53	24	Tail	32	-1
48	4	Stand	32	-1
32	40	Stand	32	-1
92	47	Head	32	-1
73	42	Stand	32	-1
48	41	Head	32	-1
43	30	Stand	32	-1
3	2	Tail	32	-1
77	26	Tail	32	-1
11	77	Tail	32	-1
27	88	Head	32	-1
18	24	Head	32	-1
42	84	Head	32	-1
25	47	Stand	32	-1
95	66	Tail	32	-1
91	45	Tail	32	-1
6	43	Head	32	-1
80	49	Tail	32	-1
68	10	Head	32	-1
25	65	Head	32	-1
27	41	Tail	33	-1
24	49	Head	33	-1
16	52	Tail	33	-1
89	34	Tail	33	-1
45	95	Tail	33	-1
40	10	Tail	33	-1
36	7	Tail	33	-1
40	66	Head	33	-1
6	45	Stand	33	-1
58	72	Head	33	-1
89	4	Head	33	-1
73	72	Tail	33	-1
53	24	Tail	33	-1
48	4	Stand	33	-1
32	40	Stand	33	-1
92	47	Head	33	-1
73	42	Stand	33	-1
48	41	Head	33	-1
43	30	Stand	33	-1
3	2	Tail	33	-1
77	26	Tail	33	-1
11	77	Tail	33	-1
27	88	Head	33	-1
18	24	Head	33	-1
42	84	Head	33	-1
25	47	Stand	33	-1
95	66	Tail	33	-1
91	45	Tail	33	-1
6	43	Head	33	-1
80	49	Tail	33	-1
68	10	Head	33	-1
25	65	Head	33	-1
56	99	Head	33	-1
27	41	Tail	34	-1
24	49	Head	34	-1
16	52	Tail	34	-1
89	34	Tail	34	-1
45	95	Tail	34	-1
40	10	Tail	34	-1
36	7	Tail	34	-1
40	66	Head	34	-1
6	45	Stand	34	-1
58	72	Head	34	-1
89	4	Head	34	-1
73	72	Tail	34	-1
53	24	Tail	34	-1
48	4	Stand	34	-1
32	40	Stand	34	-1
92	47	Head	34	-1
73	42	Stand	34	-1
48	41	Head	34	-1
43	30	Stand	34	-1
3	2	Tail	34	-1
77	26	Tail	34	-1
11	77	Tail	34	-1
27	88	Head	34	-1
18	24	Head	34	-1
42	84	Head	34	-1
25	47	Stand	34	-1
95	66	Tail	34	-1
91	45	Tail	34	-1
6	43	Head	34	-1
80	49	Tail	34	-1
68	10	Head	34	-1
25	65	Head	34	-1
56	99	Head	34	-1
12	94	Tail	34	-1
27	41	Tail	35	-1
24	49	Head	35	-1
16	52	Tail	35	-1
89	34	Tail	35	-1
45	95	Tail	35	-1
40	10	Tail	35	-1
36	7	Tail	35	-1
40	66	Head	35	-1
6	45	Stand	35	-1
58	72	Head	35	-1
89	4	Head	35	-1
73	72	Tail	35	-1
53	24	Tail	35	-1
48	4	Stand	35	-1
32	40	Stand	35	-1
92	47	Head	35	-1
73	42	Stand	35	-1
48	41	Head	35	-1
43	30	Stand	35	-1
3	2	Tail	35	-1
77	26	Tail	35	-1
11	77	Tail	35	-1
27	88	Head	35	-1
18	24	Head	35	-1
42	84	Head	35	-1
25	47	Stand	35	-1
95	66	Tail	35	-1
91	45	Tail	35	-1
6	43	Head	35	-1
80	49	Tail	35	-1
68	10	Head	35	-1
25	65	Head	35	-1
56	99	Head	35	-1
12	94	Tail	35	-1
39	25	Head	35	-1
27	41	Tail	36	-1
24	49	Head	36	-1
16	52	Tail	36	-1
89	34	Tail	36	-1
45	95	Tail	36	-1
40	10	Tail	36	-1
36	7	Tail	36	-1
40	66	Head	36	-1
6	45	Stand	36	-1
58	72	Head	36	-1
89	4	Head	36	-1
73	72	Tail	36	-1
53	24	Tail	36	-1
48	4	Stand	36	-1
32	40	Stand	36	-1
92	47	Head	36	-1
73	42	Stand	36	-1
48	41	Head	36	-1
43	30	Stand	36	-1
3	2	Tail	36	-1
77	26	Tail	36	-1
11	77	Tail	36	-1
27	88	Head	36	-1
18	24	Head	36	-1
42	84	Head	36	-1
25	47	Stand	36	-1
95	66	Tail	36	-1
91	45	Tail	36	-1
6	43	Head	36	-1
80	49	Tail	36	-1
68	10	Head	36	-1
25	65	Head	36	-1
56	99	Head	36	-1
12	94	Tail	36	-1
39	25	Head	36	-1
77	35	Tail	36	-1
27	41	Tail	37	-1
24	49	Head	37	-1
16	52	Tail	37	-1
89	34	Tail	37	-1
45	95	Tail	37	-1
40	10	Tail	37	-1
36	7	Tail	37	-1
40	66	Head	37	-1
6	45	Stand	37	-1
58	72	Head	37	-1
89	4	Head	37	-1
73	72	Tail	37	-1
53	24	Tail	37	-1
48	4	Stand	37	-1
32	40	Stand	37	-1
92	47	Head	37	-1
73	42	Stand	37	-1
48	41	Head	37	-1
43	30	Stand	37	-1
3	2	Tail	37	-1
77	26	Tail	37	-1
11	77	Tail	37	-1
27	88	Head	37	-1
18	24	Head	37	-1
42	84	Head	37	-1
25	47	Stand	37	-1
95	66	Tail	37	-1
91	45	Tail	37	-1
6	43	Head	37	-1
80	49	Tail	37	-1
68	10	Head	37	-1
25	65	Head	37	-1
56	99	Head	37	-1
12	94	Tail	37	-1
39	25	Head	37	-1
77	35	Tail	37	-1
65	88	Head	37	-1
27	41	Tail	38	-1
24	49	Head	38	-1
16	52	Tail	38	-1
89	34	Tail	38	-1
45	95	Tail	38	-1
40	10	Tail	38	-1
36	7	Tail	38	-1
40	66	Head	38	-1
6	45	Stand	38	-1
58	72	Head	38	-1
89	4	Head	38	-1
73	72	Tail	38	-1
53	24	Tail	38	-1
48	4	Stand	38	-1
32	40	Stand	38	-1
92	47	Head	38	-1
73	42	Stand	38	-1
48	41	Head	38	-1
43	30	Stand	38	-1
3	2	Tail	38	-1
77	26	Tail	38	-1
11	77	Tail	38	-1
27	88	Head	38	-1
18	24	Head	38	-1
42	84	Head	38	-1
25	47	Stand	38	-1
95	66	Tail	38	-1
91	45	Tail	38	-1
6	43	Head	38	-1
80	49	Tail	38	-1
68	10	Head	38	-1
25	65	Head	38	-1
56	99	Head	38	-1
12	94	Tail	38	-1
39	25	Head	38	-1
77	35	Tail	38	-1
65	88	Head	38	-1
9	63	Tail	38	-1
27	41	Tail	39	-1
24	49	Head	39	-1
16	52	Tail	39	-1
89	34	Tail	39	-1
45	95	Tail	39	-1
40	10	Tail	39	-1
36	7	Tail	39	-1
40	66	Head	39	-1
6	45	Stand	39	-1
58	72	Head	39	-1
89	4	Head	39	-1
73	72	Tail	39	-1
53	24	Tail	39	-1
48	4	Stand	39	-1
32	40	Stand	39	-1
92	47	Head	39	-1
73	42	Stand	39	-1
48	41	Head	39	-1
43	30	Stand	39	-1
3	2	Tail	39	-1
77	26	Tail	39	-1
11	77	Tail	39	-1
27	88	Head	39	-1
18	24	Head	39	-1
42	84	Head	39	-1
25	47	Stand	39	-1
95	66	Tail	39	-1
91	45	Tail	39	-1
6	43	Head	39	-1
80	49	Tail	39	-1
68	10	Head	39	-1
25	65	Head	39	-1
56	99	Head	39	-1
12	94	Tail	39	-1
39	25	Head	39	-1
77	35	Tail	39	-1
65	88	Head	39	-1
9	63	Tail	39	-1
16	77	Tail	39	-1
27	41	Tail	40	-1
24	49	Head	40	-1
16	52	Tail	40	-1
89	34	Tail	40	-1
45	95	Tail	40	-1
40	10	Tail	40	-1
36	7	Tail	40	-1
40	66	Head	40	-1
6	45	Stand	40	-1
58	72	Head	40	-1
89	4	Head	40	-1
73	72	Tail	40	-1
53	24	Tail	40	-1
48	4	Stand	40	-1
32	40	Stand	40	-1
92	47	Head	40	-1
73	42	Stand	40	-1
48	41	Head	40	-1
43	30	Stand	40	-1
3	2	Tail	40	-1
77	26	Tail	40	-1
11	77	Tail	40	-1
27	88	Head	40	-1
18	24	Head	40	-1
42	84	Head	40	-1
25	47	Stand	40	-1
95	66	Tail	40	-1
91	45	Tail	40	-1
6	43	Head	40	-1
80	49	Tail	40	-1
68	10	Head	40	-1
25	65	Head	40	-1
56	99	Head	40	-1
12	94	Tail	40	-1
39	25	Head	40	-1
77	35	Tail	40	-1
65	88	Head	40	-1
9	63	Tail	40	-1
16	77	Tail	40	-1
67	14	Tail	40	-1
27	41	Tail	41	-1
24	49	Head	41	-1
16	52	Tail	41	-1
89	34	Tail	41	-1
45	95	Tail	41	-1
40	10	Tail	41	-1
36	7	Tail	41	-1
40	66	Head	41	-1
6	45	Stand	41	-1
58	72	Head	41	-1
89	4	Head	41	-1
73	72	Tail	41	-1
53	24	Tail	41	-1
48	4	Stand	41	-1
32	40	Stand	41	-1
92	47	Head	41	-1
73	42	Stand	41	-1
48	41	Head	41	-1
43	30	Stand	41	-1
3	2	Tail	41	-1
77	26	Tail	41	-1
11	77	Tail	41	-1
27	88	Head	41	-1
18	24	Head	41	-1
42	84	Head	41	-1
25	47	Stand	41	-1
95	66	Tail	41	-1
91	45	Tail	41	-1
6	43	Head	41	-1
80	49	Tail	41	-1
68	10	Head	41	-1
25	65	Head	41	-1
56	99	Head	41	-1
12	94	Tail	41	-1
39	25	Head	41	-1
77	35	Tail	41	-1
65	88	Head	41	-1
9	63	Tail	41	-1
16	77	Tail	41	-1
67	14	Tail	41	-1
69	92	Tail	41	-1
27	41	Tail	42	-1
24	49	Head	42	-1
16	52	Tail	42	-1
89	34	Tail	42	-1
45	95	Tail	42	-1
40	10	Tail	42	-1
36	7	Tail	42	-1
40	66	Head	42	-1
6	45	Stand	42	-1
58	72	Head	42	-1
89	4	Head	42	-1
73	72	Tail	42	-1
53	24	Tail	42	-1
48	4	Stand	42	-1
32	40	Stand	42	-1
92	47	Head	42	-1
73	42	Stand	42	-1
48	41	Head	42	-1
43	30	Stand	42	-1
3	2	Tail	42	-1
77	26	Tail	42	-1
11	77	Tail	42	-1
27	88	Head	42	-1
18	24	Head	42	-1
42	84	Head	42	-1
25	47	Stand	42	-1
95	66	Tail	42	-1
91	45	Tail	42	-1
6	43	Head	42	-1
80	49	Tail	42	-1
68	10	Head	42	-1
25	65	Head	42	-1
56	99	Head	42	-1
12	94	Tail	42	-1
39	25	Head	42	-1
77	35	Tail	42	-1
65	88	Head	42	-1
9	63	Tail	42	-1
16	77	Tail	42	-1
67	14	Tail	42	-1
69	92	Tail	42	-1
63	13	Tail	42	-1
27	41	Tail	43	-1
24	49	Head	43	-1
16	52	Tail	43	-1
89	34	Tail	43	-1
45	95	Tail	43	-1
40	10	Tail	43	-1
36	7	Tail	43	-1
40	66	Head	43	-1
6	45	Stand	43	-1
58	72	Head	43	-1
89	4	Head	43	-1
73	72	Tail	43	-1
53	24	Tail	43	-1
48	4	Stand	43	-1
32	40	Stand	43	-1
92	47	Head	43	-1
73	42	Stand	43	-1
48	41	Head	43	-1
43	30	Stand	43	-1
3	2	Tail	43	-1
77	26	Tail	43	-1
11	77	Tail	43	-1
27	88	Head	43	-1
18	24	Head	43	-1
42	84	Head	43	-1
25	47	Stand	43	-1
95	66	Tail	43	-1
91	45	Tail	43	-1
6	43	Head	43	-1
80	49	Tail	43	-1
68	10	Head	43	-1
25	65	Head	43	-1
56	99	Head	43	-1
12	94	Tail	43	-1
39	25	Head	43	-1
77	35	Tail	43	-1
65	88	Head	43	-1
9	63	Tail	43	-1
16	77	Tail	43	-1
67	14	Tail	43	-1
69	92	Tail	43	-1
63	13	Tail	43	-1
97	54	Head	43	-1
27	41	Tail	44	-1
24	49	Head	44	-1
16	52	Tail	44	-1
89	34	Tail	44	-1
45	95	Tail	44	-1
40	10	Tail	44	-1
36	7	Tail	44	-1
40	66	Head	44	-1
6	45	Stand	44	-1
58	72	Head	44	-1
89	4	Head	44	-1
73	72	Tail	44	-1
53	24	Tail	44	-1
48	4	Stand	44	-1
32	40	Stand	44	-1
92	47	Head	44	-1
73	42	Stand	44	-1
48	41	Head	44	-1
43	30	Stand	44	-1
3	2	Tail	44	-1
77	26	Tail	44	-1
11	77	Tail	44	-1
27	88	Head	44	-1
18	24	Head	44	-1
42	84	Head	44	-1
25	47	Stand	44	-1
95	66	Tail	44	-1
91	45	Tail	44	-1
6	43	Head	44	-1
80	49	Tail	44	-1
68	10	Head	44	-1
25	65	Head	44	-1
56	99	Head	44	-1
12	94	Tail	44	-1
39	25	Head	44	-1
77	35	Tail	44	-1
65	88	Head	44	-1
9	63	Tail	44	-1
16	77	Tail	44	-1
67	14	Tail	44	-1
69	92	Tail	44	-1
63	13	Tail	44	-1
97	54	Head	44	-1
17	9	Stand	44	-1
27	41	Tail	45	-1
24	49	Head	45	-1
16	52	Tail	45	-1
89	34	Tail	45	-1
45	95	Tail	45	-1
40	10	Tail	45	-1
36	7	Tail	45	-1
40	66	Head	45	-1
6	45	Stand	45	-1
58	72	Head	45	-1
89	4	Head	45	-1
73	72	Tail	45	-1
53	24	Tail	45	-1
48	4	Stand	45	-1
32	40	Stand	45	-1
92	47	Head	45	-1
73	42	Stand	45	-1
48	41	Head	45	-1
43	30	Stand	45	-1
3	2	Tail	45	-1
77	26	Tail	45	-1
11	77	Tail	45	-1
27	88	Head	45	-1
18	24	Head	45	-1
42	84	Head	45	-1
25	47	Stand	45	-1
95	66	Tail	45	-1
91	45	Tail	45	-1
6	43	Head	45	-1
80	49	Tail	45	-1
68	10	Head	45	-1
25	65	Head	45	-1
56	99	Head	45	-1
12	94	Tail	45	-1
39	25	Head	45	-1
77	35	Tail	45	-1
65	88	Head	45	-1
9	63	Tail	45	-1
16	77	Tail	45	-1
67	14	Tail	45	-1
69	92	Tail	45	-1
63	13	Tail	45	-1
97	54	Head	45	-1
17	9	Stand	45	-1
34	69	Head	45	-1
27	41	Tail	46	-1
24	49	Head	46	-1
16	52	Tail	46	-1
89	34	Tail	46	-1
45	95	Tail	46	-1
40	10	Tail	46	-1
36	7	Tail	46	-1
40	66	Head	46	-1
6	45	Stand	46	-1
58	72	Head	46	-1
89	4	Head	46	-1
73	72	Tail	46	-1
53	24	Tail	46	-1
48	4	Stand	46	-1
32	40	Stand	46	-1
92	47	Head	46	-1
73	42	Stand	46	-1
48	41	Head	46	-1
43	30	Stand	46	-1
3	2	Tail	46	-1
77	26	Tail	46	-1
11	77	Tail	46	-1
27	88	Head	46	-1
18	24	Head	46	-1
42	84	Head	46	-1
25	47	Stand	46	-1
95	66	Tail	46	-1
91	45	Tail	46	-1
6	43	Head	46	-1
80	49	Tail	46	-1
68	10	Head	46	-1
25	65	Head	46	-1
56	99	Head	46	-1
12	94	Tail	46	-1
39	25	Head	46	-1
77	35	Tail	46	-1
65	88	Head	46	-1
9	63	Tail	46	-1
16	77	Tail	46	-1
67	14	Tail	46	-1
69	92	Tail	46	-1
63	13	Tail	46	-1
97	54	Head	46	-1
17	9	Stand	46	-1
34	69	Head	46	-1
61	59	Head	46	-1
27	41	Tail	47	-1
24	49	Head	47	-1
16	52	Tail	47	-1
89	34	Tail	47	-1
45	95	Tail	47	-1
40	10	Tail	47	-1
36	7	Tail	47	-1
40	66	Head	47	-1
6	45	Stand	47	-1
58	72	Head	47	-1
89	4	Head	47	-1
73	72	Tail	47	-1
53	24	Tail	47	-1
48	4	Stand	47	-1
32	40	Stand	47	-1
92	47	Head	47	-1
73	42	Stand	47	-1
48	41	Head	47	-1
43	30	Stand	47	-1
3	2	Tail	47	-1
77	26	Tail	47	-1
11	77	Tail	47	-1
27	88	Head	47	-1
18	24	Head	47	-1
42	84	Head	47	-1
25	47	Stand	47	-1
95	66	Tail	47	-1
91	45	Tail	47	-1
6	43	Head	47	-1
80	49	Tail	47	-1
68	10	Head	47	-1
25	65	Head	47	-1
56	99	Head	47	-1
12	94	Tail	47	-1
39	25	Head	47	-1
77	35	Tail	47	-1
65	88	Head	47	-1
9	63	Tail	47	-1
16	77	Tail	47	-1
67	14	Tail	47	-1
69	92	Tail	47	-1
63	13	Tail	47	-1
97	54	Head	47	-1
17	9	Stand	47	-1
34	69	Head	47	-1
61	59	Head	47	-1
17	90	Head	47	-1
27	41	Tail	48	-1
24	49	Head	48	-1
16	52	Tail	48	-1
89	34	Tail	48	-1
45	95	Tail	48	-1
40	10	Tail	48	-1
36	7	Tail	48	-1
40	66	Head	48	-1
6	45	Stand	48	-1
58	72	Head	48	-1
89	4	Head	48	-1
73	72	Tail	48	-1
53	24	Tail	48	-1
48	4	Stand	48	-1
32	40	Stand	48	-1
92	47	Head	48	-1
73	42	Stand	48	-1
48	41	Head	48	-1
43	30	Stand	48	-1
3	2	Tail	48	-1
77	26	Tail	48	-1
11	77	Tail	48	-1
27	88	Head	48	-1
18	24	Head	48	-1
42	84	Head	48	-1
25	47	Stand	48	-1
95	66	Tail	48	-1
91	45	Tail	48	-1
6	43	Head	48	-1
80	49	Tail	48	-1
68	10	Head	48	-1
25	65	Head	48	-1
56	99	Head	48	-1
12	94	Tail	48	-1
39	25	Head	48	-1
77	35	Tail	48	-1
65	88	Head	48	-1
9	63	Tail	48	-1
16	77	Tail	48	-1
67	14	Tail	48	-1
69	92	Tail	48	-1
63	13	Tail	48	-1
97	54	Head	48	-1
17	9	Stand	48	-1
34	69	Head	48	-1
61	59	Head	48	-1
17	90	Head	48	-1
95	30	Head	48	-1
27	41	Tail	49	-1
24	49	Head	49	-1
16	52	Tail	49	-1
89	34	Tail	49	-1
45	95	Tail	49	-1
40	10	Tail	49	-1
36	7	Tail	49	-1
40	66	Head	49	-1
6	45	Stand	49	-1
58	72	Head	49	-1
89	4	Head	49	-1
73	72	Tail	49	-1
53	24	Tail	49	-1
48	4	Stand	49	-1
32	40	Stand	49	-1
92	47	Head	49	-1
73	42	Stand	49	-1
48	41	Head	49	-1
43	30	Stand	49	-1
3	2	Tail	49	-1
77	26	Tail	49	-1
11	77	Tail	49	-1
27	88	Head	49	-1
18	24	Head	49	-1
42	84	Head	49	-1
25	47	Stand	49	-1
95	66	Tail	49	-1
91	45	Tail	49	-1
6	43	Head	49	-1
80	49	Tail	49	-1
68	10	Head	49	-1
25	65	Head	49	-1
56	99	Head	49	-1
12	94	Tail	49	-1
39	25	Head	49	-1
77	35	Tail	49	-1
65	88	Head	49	-1
9	63	Tail	49	-1
16	77	Tail	49	-1
67	14	Tail	49	-1
69	92	Tail	49	-1
63	13	Tail	49	-1
97	54	Head	49	-1
17	9	Stand	49	-1
34	69	Head	49	-1
61	59	Head	49	-1
17	90	Head	49	-1
95	30	Head	49	-1
62	56	Tail	49	-1
27	41	Tail	50	-1
24	49	Head	50	-1
16	52	Tail	50	-1
89	34	Tail	50	-1
45	95	Tail	50	-1
40	10	Tail	50	-1
36	7	Tail	50	-1
40	66	Head	50	-1
6	45	Stand	50	-1
58	72	Head	50	-1
89	4	Head	50	-1
73	72	Tail	50	-1
53	24	Tail	50	-1
48	4	Stand	50	-1
32	40	Stand	50	-1
92	47	Head	50	-1
73	42	Stand	50	-1
48	41	Head	50	-1
43	30	Stand	50	-1
3	2	Tail	50	-1
77	26	Tail	50	-1
11	77	Tail	50	-1
27	88	Head	50	-1
18	24	Head	50	-1
42	84	Head	50	-1
25	47	Stand	50	-1
95	66	Tail	50	-1
91	45	Tail	50	-1
6	43	Head	50	-1
80	49	Tail	50	-1
68	10	Head	50	-1
25	65	Head	50	-1
56	99	Head	50	-1
12	94	Tail	50	-1
39	25	Head	50	-1
77	35	Tail	50	-1
65	88	Head	50	-1
9	63	Tail	50	-1
16	77	Tail	50	-1
67	14	Tail	50	-1
69	92	Tail	50	-1
63	13	Tail	50	-1
97	54	Head	50	-1
17	9	Stand	50	-1
34	69	Head	50	-1
61	59	Head	50	-1
17	90	Head	50	-1
95	30	Head	50	-1
62	56	Tail	50	-1
37	52	Head	50	-1
27	41	Tail	51	-1
24	49	Head	51	-1
16	52	Tail	51	-1
89	34	Tail	51	-1
45	95	Tail	51	-1
40	10	Tail	51	-1
36	7	Tail	51	-1
40	66	Head	51	-1
6	45	Stand	51	-1
58	72	Head	51	-1
89	4	Head	51	-1
73	72	Tail	51	-1
53	24	Tail	51	-1
48	4	Stand	51	-1
32	40	Stand	51	-1
92	47	Head	51	-1
73	42	Stand	51	-1
48	41	Head	51	-1
43	30	Stand	51	-1
3	2	Tail	51	-1
77	26	Tail	51	-1
11	77	Tail	51	-1
27	88	Head	51	-1
18	24	Head	51	-1
42	84	Head	51	-1
25	47	Stand	51	-1
95	66	Tail	51	-1
91	45	Tail	51	-1
6	43	Head	51	-1
80	49	Tail	51	-1
68	10	Head	51	-1
25	65	Head	51	-1
56	99	Head	51	-1
12	94	Tail	51	-1
39	25	Head	51	-1
77	35	Tail	51	-1
65	88	Head	51	-1
9	63	Tail	51	-1
16	77	Tail	51	-1
67	14	Tail	51	-1
69	92	Tail	51	-1
63	13	Tail	51	-1
97	54	Head	51	-1
17	9	Stand	51	-1
34	69	Head	51	-1
61	59	Head	51	-1
17	90	Head	51	-1
95	30	Head	51	-1
62	56	Tail	51	-1
37	52	Head	51	-1
42	16	Stand	51	-1
27	41	Tail	52	-1
24	49	Head	52	-1
16	52	Tail	52	-1
89	34	Tail	52	-1
45	95	Tail	52	-1
40	10	Tail	52	-1
36	7	Tail	52	-1
40	66	Head	52	-1
6	45	Stand	52	-1
58	72	Head	52	-1
89	4	Head	52	-1
73	72	Tail	52	-1
53	24	Tail	52	-1
48	4	Stand	52	-1
32	40	Stand	52	-1
92	47	Head	52	-1
73	42	Stand	52	-1
48	41	Head	52	-1
43	30	Stand	52	-1
3	2	Tail	52	-1
77	26	Tail	52	-1
11	77	Tail	52	-1
27	88	Head	52	-1
18	24	Head	52	-1
42	84	Head	52	-1
25	47	Stand	52	-1
95	66	Tail	52	-1
91	45	Tail	52	-1
6	43	Head	52	-1
80	49	Tail	52	-1
68	10	Head	52	-1
25	65	Head	52	-1
56	99	Head	52	-1
12	94	Tail	52	-1
39	25	Head	52	-1
77	35	Tail	52	-1
65	88	Head	52	-1
9	63	Tail	52	-1
16	77	Tail	52	-1
67	14	Tail	52	-1
69	92	Tail	52	-1
63	13	Tail	52	-1
97	54	Head	52	-1
17	9	Stand	52	-1
34	69	Head	52	-1
61	59	Head	52	-1
17	90	Head	52	-1
95	30	Head	52	-1
62	56	Tail	52	-1
37	52	Head	52	-1
42	16	Stand	52	-1
18	30	Head	52	-1
27	41	Tail	53	-1
24	49	Head	53	-1
16	52	Tail	53	-1
89	34	Tail	53	-1
45	95	Tail	53	-1
40	10	Tail	53	-1
36	7	Tail	53	-1
40	66	Head	53	-1
6	45	Stand	53	-1
58	72	Head	53	-1
89	4	Head	53	-1
73	72	Tail	53	-1
53	24	Tail	53	-1
48	4	Stand	53	-1
32	40	Stand	53	-1
92	47	Head	53	-1
73	42	Stand	53	-1
48	41	Head	53	-1
43	30	Stand	53	-1
3	2	Tail	53	-1
77	26	Tail	53	-1
11	77	Tail	53	-1
27	88	Head	53	-1
18	24	Head	53	-1
42	84	Head	53	-1
25	47	Stand	53	-1
95	66	Tail	53	-1
91	45	Tail	53	-1
6	43	Head	53	-1
80	49	Tail	53	-1
68	10	Head	53	-1
25	65	Head	53	-1
56	99	Head	53	-1
12	94	Tail	53	-1
39	25	Head	53	-1
77	35	Tail	53	-1
65	88	Head	53	-1
9	63	Tail	53	-1
16	77	Tail	53	-1
67	14	Tail	53	-1
69	92	Tail	53	-1
63	13	Tail	53	-1
97	54	Head	53	-1
17	9	Stand	53	-1
34	69	Head	53	-1
61	59	Head	53	-1
17	90	Head	53	-1
95	30	Head	53	-1
62	56	Tail	53	-1
37	52	Head	53	-1
42	16	Stand	53	-1
18	30	Head	53	-1
38	95	Head	53	-1
27	41	Tail	54	-1
24	49	Head	54	-1
16	52	Tail	54	-1
89	34	Tail	54	-1
45	95	Tail	54	-1
40	10	Tail	54	-1
36	7	Tail	54	-1
40	66	Head	54	-1
6	45	Stand	54	-1
58	72	Head	54	-1
89	4	Head	54	-1
73	72	Tail	54	-1
53	24	Tail	54	-1
48	4	Stand	54	-1
32	40	Stand	54	-1
92	47	Head	54	-1
73	42	Stand	54	-1
48	41	Head	54	-1
43	30	Stand	54	-1
3	2	Tail	54	-1
77	26	Tail	54	-1
11	77	Tail	54	-1
27	88	Head	54	-1
18	24	Head	54	-1
42	84	Head	54	-1
25	47	Stand	54	-1
95	66	Tail	54	-1
91	45	Tail	54	-1
6	43	Head	54	-1
80	49	Tail	54	-1
68	10	Head	54	-1
25	65	Head	54	-1
56	99	Head	54	-1
12	94	Tail	54	-1
39	25	Head	54	-1
77	35	Tail	54	-1
65	88	Head	54	-1
9	63	Tail	54	-1
16	77	Tail	54	-1
67	14	Tail	54	-1
69	92	Tail	54	-1
63	13	Tail	54	-1
97	54	Head	54	-1
17	9	Stand	54	-1
34	69	Head	54	-1
61	59	Head	54	-1
17	90	Head	54	-1
95	30	Head	54	-1
62	56	Tail	54	-1
37	52	Head	54	-1
42	16	Stand	54	-1
18	30	Head	54	-1
38	95	Head	54	-1
70	88	Tail	54	-1
27	41	Tail	55	-1
24	49	Head	55	-1
16	52	Tail	55	-1
89	34	Tail	55	-1
45	95	Tail	55	-1
40	10	Tail	55	-1
36	7	Tail	55	-1
40	66	Head	55	-1
6	45	Stand	55	-1
58	72	Head	55	-1
89	4	Head	55	-1
73	72	Tail	55	-1
53	24	Tail	55	-1
48	4	Stand	55	-1
32	40	Stand	55	-1
92	47	Head	55	-1
73	42	Stand	55	-1
48	41	Head	55	-1
43	30	Stand	55	-1
3	2	Tail	55	-1
77	26	Tail	55	-1
11	77	Tail	55	-1
27	88	Head	55	-1
18	24	Head	55	-1
42	84	Head	55	-1
25	47	Stand	55	-1
95	66	Tail	55	-1
91	45	Tail	55	-1
6	43	Head	55	-1
80	49	Tail	55	-1
68	10	Head	55	-1
25	65	Head	55	-1
56	99	Head	55	-1
12	94	Tail	55	-1
39	25	Head	55	-1
77	35	Tail	55	-1
65	88	Head	55	-1
9	63	Tail	55	-1
16	77	Tail	55	-1
67	14	Tail	55	-1
69	92	Tail	55	-1
63	13	Tail	55	-1
97	54	Head	55	-1
17	9	Stand	55	-1
34	69	Head	55	-1
61	59	Head	55	-1
17	90	Head	55	-1
95	30	Head	55	-1
62	56	Tail	55	-1
37	52	Head	55	-1
42	16	Stand	55	-1
18	30	Head	55	-1
38	95	Head	55	-1
70	88	Tail	55	-1
34	10	Tail	55	-1
27	41	Tail	56	-1
24	49	Head	56	-1
16	52	Tail	56	-1
89	34	Tail	56	-1
45	95	Tail	56	-1
40	10	Tail	56	-1
36	7	Tail	56	-1
40	66	Head	56	-1
6	45	Stand	56	-1
58	72	Head	56	-1
89	4	Head	56	-1
73	72	Tail	56	-1
53	24	Tail	56	-1
48	4	Stand	56	-1
32	40	Stand	56	-1
92	47	Head	56	-1
73	42	Stand	56	-1
48	41	Head	56	-1
43	30	Stand	56	-1
3	2	Tail	56	-1
77	26	Tail	56	-1
11	77	Tail	56	-1
27	88	Head	56	-1
18	24	Head	56	-1
42	84	Head	56	-1
25	47	Stand	56	-1
95	66	Tail	56	-1
91	45	Tail	56	-1
6	43	Head	56	-1
80	49	Tail	56	-1
68	10	Head	56	-1
25	65	Head	56	-1
56	99	Head	56	-1
12	94	Tail	56	-1
39	25	Head	56	-1
77	35	Tail	56	-1
65	88	Head	56	-1
9	63	Tail	56	-1
16	77	Tail	56	-1
67	14	Tail	56	-1
69	92	Tail	56	-1
63	13	Tail	56	-1
97	54	Head	56	-1
17	9	Stand	56	-1
34	69	Head	56	-1
61	59	Head	56	-1
17	90	Head	56	-1
95	30	Head	56	-1
62	56	Tail	56	-1
37	52	Head	56	-1
42	16	Stand	56	-1
18	30	Head	56	-1
38	95	Head	56	-1
70	88	Tail	56	-1
34	10	Tail	56	-1
25	12	Tail	56	-1
27	41	Tail	57	-1
24	49	Head	57	-1
16	52	Tail	57	-1
89	34	Tail	57	-1
45	95	Tail	57	-1
40	10	Tail	57	-1
36	7	Tail	57	-1
40	66	Head	57	-1
6	45	Stand	57	-1
58	72	Head	57	-1
89	4	Head	57	-1
73	72	Tail	57	-1
53	24	Tail	57	-1
48	4	Stand	57	-1
32	40	Stand	57	-1
92	47	Head	57	-1
73	42	Stand	57	-1
48	41	Head	57	-1
43	30	Stand	57	-1
3	2	Tail	57	-1
77	26	Tail	57	-1
11	77	Tail	57	-1
27	88	Head	57	-1
18	24	Head	57	-1
42	84	Head	57	-1
25	47	Stand	57	-1
95	66	Tail	57	-1
91	45	Tail	57	-1
6	43	Head	57	-1
80	49	Tail	57	-1
68	10	Head	57	-1
25	65	Head	57	-1
56	99	Head	57	-1
12	94	Tail	57	-1
39	25	Head	57	-1
77	35	Tail	57	-1
65	88	Head	57	-1
9	63	Tail	57	-1
16	77	Tail	57	-1
67	14	Tail	57	-1
69	92	Tail	57	-1
63	13	Tail	57	-1
97	54	Head	57	-1
17	9	Stand	57	-1
34	69	Head	57	-1
61	59	Head	57	-1
17	90	Head	57	-1
95	30	Head	57	-1
62	56	Tail	57	-1
37	52	Head	57	-1
42	16	Stand	57	-1
18	30	Head	57	-1
38	95	Head	57	-1
70	88	Tail	57	-1
34	10	Tail	57	-1
25	12	Tail	57	-1
75	92	Head	57	-1
27	41	Tail	58	-1
24	49	Head	58	-1
16	52	Tail	58	-1
89	34	Tail	58	-1
45	95	Tail	58	-1
40	10	Tail	58	-1
36	7	Tail	58	-1
40	66	Head	58	-1
6	45	Stand	58	-1
58	72	Head	58	-1
89	4	Head	58	-1
73	72	Tail	58	-1
53	24	Tail	58	-1
48	4	Stand	58	-1
32	40	Stand	58	-1
92	47	Head	58	-1
73	42	Stand	58	-1
48	41	Head	58	-1
43	30	Stand	58	-1
3	2	Tail	58	-1
77	26	Tail	58	-1
11	77	Tail	58	-1
27	88	Head	58	-1
18	24	Head	58	-1
42	84	Head	58	-1
25	47	Stand	58	-1
95	66	Tail	58	-1
91	45	Tail	58	-1
6	43	Head	58	-1
80	49	Tail	58	-1
68	10	Head	58	-1
25	65	Head	58	-1
56	99	Head	58	-1
12	94	Tail	58	-1
39	25	Head	58	-1
77	35	Tail	58	-1
65	88	Head	58	-1
9	63	Tail	58	-1
16	77	Tail	58	-1
67	14	Tail	58	-1
69	92	Tail	58	-1
63	13	Tail	58	-1
97	54	Head	58	-1
17	9	Stand	58	-1
34	69	Head	58	-1
61	59	Head	58	-1
17	90	Head	58	-1
95	30	Head	58	-1
62	56	Tail	58	-1
37	52	Head	58	-1
42	16	Stand	58	-1
18	30	Head	58	-1
38	95	Head	58	-1
70	88	Tail	58	-1
34	10	Tail	58	-1
25	12	Tail	58	-1
75	92	Head	58	-1
10	77	Tail	58	-1
27	41	Tail	59	-1
24	49	Head	59	-1
16	52	Tail	59	-1
89	34	Tail	59	-1
45	95	Tail	59	-1
40	10	Tail	59	-1
36	7	Tail	59	-1
40	66	Head	59	-1
6	45	Stand	59	-1
58	72	Head	59	-1
89	4	Head	59	-1
73	72	Tail	59	-1
53	24	Tail	59	-1
48	4	Stand	59	-1
32	40	Stand	59	-1
92	47	Head	59	-1
73	42	Stand	59	-1
48	41	Head	59	-1
43	30	Stand	59	-1
3	2	Tail	59	-1
77	26	Tail	59	-1
11	77	Tail	59	-1
27	88	Head	59	-1
18	24	Head	59	-1
42	84	Head	59	-1
25	47	Stand	59	-1
95	66	Tail	59	-1
91	45	Tail	59	-1
6	43	Head	59	-1
80	49	Tail	59	-1
68	10	Head	59	-1
25	65	Head	59	-1
56	99	Head	59	-1
12	94	Tail	59	-1
39	25	Head	59	-1
77	35	Tail	59	-1
65	88	Head	59	-1
9	63	Tail	59	-1
16	77	Tail	59	-1
67	14	Tail	59	-1
69	92	Tail	59	-1
63	13	Tail	59	-1
97	54	Head	59	-1
17	9	Stand	59	-1
34	69	Head	59	-1
61	59	Head	59	-1
17	90	Head	59	-1
95	30	Head	59	-1
62	56	Tail	59	-1
37	52	Head	59	-1
42	16	Stand	59	-1
18	30	Head	59	-1
38	95	Head	59	-1
70	88	Tail	59	-1
34	10	Tail	59	-1
25	12	Tail	59	-1
75	92	Head	59	-1
10	77	Tail	59	-1
1	67	Tail	59	-1
27	41	Tail	60	-1
24	49	Head	60	-1
16	52	Tail	60	-1
89	34	Tail	60	-1
45	95	Tail	60	-1
40	10	Tail	60	-1
36	7	Tail	60	-1
40	66	Head	60	-1
6	45	Stand	60	-1
58	72	Head	60	-1
89	4	Head	60	-1
73	72	Tail	60	-1
53	24	Tail	60	-1
48	4	Stand	60	-1
32	40	Stand	60	-1
92	47	Head	60	-1
73	42	Stand	60	-1
48	41	Head	60	-1
43	30	Stand	60	-1
3	2	Tail	60	-1
77	26	Tail	60	-1
11	77	Tail	60	-1
27	88	Head	60	-1
18	24	Head	60	-1
42	84	Head	60	-1
25	47	Stand	60	-1
95	66	Tail	60	-1
91	45	Tail	60	-1
6	43	Head	60	-1
80	49	Tail	60	-1
68	10	Head	60	-1
25	65	Head	60	-1
56	99	Head	60	-1
12	94	Tail	60	-1
39	25	Head	60	-1
77	35	Tail	60	-1
65	88	Head	60	-1
9	63	Tail	60	-1
16	77	Tail	60	-1
67	14	Tail	60	-1
69	92	Tail	60	-1
63	13	Tail	60	-1
97	54	Head	60	-1
17	9	Stand	60	-1
34	69	Head	60	-1
61	59	Head	60	-1
17	90	Head	60	-1
95	30	Head	60	-1
62	56	Tail	60	-1
37	52	Head	60	-1
42	16	Stand	60	-1
18	30	Head	60	-1
38	95	Head	60	-1
70	88	Tail	60	-1
34	10	Tail	60	-1
25	12	Tail	60	-1
75	92	Head	60	-1
10	77	Tail	60	-1
1	67	Tail	60	-1
22	8	Tail	60	-1
27	41	Tail	61	-1
24	49	Head	61	-1
16	52	Tail	61	-1
89	34	Tail	61	-1
45	95	Tail	61	-1
40	10	Tail	61	-1
36	7	Tail	61	-1
40	66	Head	61	-1
6	45	Stand	61	-1
58	72	Head	61	-1
89	4	Head	61	-1
73	72	Tail	61	-1
53	24	Tail	61	-1
48	4	Stand	61	-1
32	40	Stand	61	-1
92	47	Head	61	-1
73	42	Stand	61	-1
48	41	Head	61	-1
43	30	Stand	61	-1
3	2	Tail	61	-1
77	26	Tail	61	-1
11	77	Tail	61	-1
27	88	Head	61	-1
18	24	Head	61	-1
42	84	Head	61	-1
25	47	Stand	61	-1
95	66	Tail	61	-1
91	45	Tail	61	-1
6	43	Head	61	-1
80	49	Tail	61	-1
68	10	Head	61	-1
25	65	Head	61	-1
56	99	Head	61	-1
12	94	Tail	61	-1
39	25	Head	61	-1
77	35	Tail	61	-1
65	88	Head	61	-1
9	63	Tail	61	-1
16	77	Tail	61	-1
67	14	Tail	61	-1
69	92	Tail	61	-1
63	13	Tail	61	-1
97	54	Head	61	-1
17	9	Stand	61	-1
34	69	Head	61	-1
61	59	Head	61	-1
17	90	Head	61	-1
95	30	Head	61	-1
62	56	Tail	61	-1
37	52	Head	61	-1
42	16	Stand	61	-1
18	30	Head	61	-1
38	95	Head	61	-1
70	88	Tail	61	-1
34	10	Tail	61	-1
25	12	Tail	61	-1
75	92	Head	61	-1
10	77	Tail	61	-1
1	67	Tail	61	-1
22	8	Tail	61	-1
34	6	Head	61	-1
27	41	Tail	62	-1
24	49	Head	62	-1
16	52	Tail	62	-1
89	34	Tail	62	-1
45	95	Tail	62	-1
40	10	Tail	62	-1
36	7	Tail	62	-1
40	66	Head	62	-1
6	45	Stand	62	-1
58	72	Head	62	-1
89	4	Head	62	-1
73	72	Tail	62	-1
53	24	Tail	62	-1
48	4	Stand	62	-1
32	40	Stand	62	-1
92	47	Head	62	-1
73	42	Stand	62	-1
48	41	Head	62	-1
43	30	Stand	62	-1
3	2	Tail	62	-1
77	26	Tail	62	-1
11	77	Tail	62	-1
27	88	Head	62	-1
18	24	Head	62	-1
42	84	Head	62	-1
25	47	Stand	62	-1
95	66	Tail	62	-1
91	45	Tail	62	-1
6	43	Head	62	-1
80	49	Tail	62	-1
68	10	Head	62	-1
25	65	Head	62	-1
56	99	Head	62	-1
12	94	Tail	62	-1
39	25	Head	62	-1
77	35	Tail	62	-1
65	88	Head	62	-1
9	63	Tail	62	-1
16	77	Tail	62	-1
67	14	Tail	62	-1
69	92	Tail	62	-1
63	13	Tail	62	-1
97	54	Head	62	-1
17	9	Stand	62	-1
34	69	Head	62	-1
61	59	Head	62	-1
17	90	Head	62	-1
95	30	Head	62	-1
62	56	Tail	62	-1
37	52	Head	62	-1
42	16	Stand	62	-1
18	30	Head	62	-1
38	95	Head	62	-1
70	88	Tail	62	-1
34	10	Tail	62	-1
25	12	Tail	62	-1
75	92	Head	62	-1
10	77	Tail	62	-1
1	67	Tail	62	-1
22	8	Tail	62	-1
34	6	Head	62	-1
41	12	Head	62	-1
27	41	Tail	63	-1
24	49	Head	63	-1
16	52	Tail	63	-1
89	34	Tail	63	-1
45	95	Tail	63	-1
40	10	Tail	63	-1
36	7	Tail	63	-1
40	66	Head	63	-1
6	45	Stand	63	-1
58	72	Head	63	-1
89	4	Head	63	-1
73	72	Tail	63	-1
53	24	Tail	63	-1
48	4	Stand	63	-1
32	40	Stand	63	-1
92	47	Head	63	-1
73	42	Stand	63	-1
48	41	Head	63	-1
43	30	Stand	63	-1
3	2	Tail	63	-1
77	26	Tail	63	-1
11	77	Tail	63	-1
27	88	Head	63	-1
18	24	Head	63	-1
42	84	Head	63	-1
25	47	Stand	63	-1
95	66	Tail	63	-1
91	45	Tail	63	-1
6	43	Head	63	-1
80	49	Tail	63	-1
68	10	Head	63	-1
25	65	Head	63	-1
56	99	Head	63	-1
12	94	Tail	63	-1
39	25	Head	63	-1
77	35	Tail	63	-1
65	88	Head	63	-1
9	63	Tail	63	-1
16	77	Tail	63	-1
67	14	Tail	63	-1
69	92	Tail	63	-1
63	13	Tail	63	-1
97	54	Head	63	-1
17	9	Stand	63	-1
34	69	Head	63	-1
61	59	Head	63	-1
17	90	Head	63	-1
95	30	Head	63	-1
62	56	Tail	63	-1
37	52	Head	63	-1
42	16	Stand	63	-1
18	30	Head	63	-1
38	95	Head	63	-1
70	88	Tail	63	-1
34	10	Tail	63	-1
25	12	Tail	63	-1
75	92	Head	63	-1
10	77	Tail	63	-1
1	67	Tail	63	-1
22	8	Tail	63	-1
34	6	Head	63	-1
41	12	Head	63	-1
34	50	Tail	63	-1
27	41	Tail	64	-1
24	49	Head	64	-1
16	52	Tail	64	-1
89	34	Tail	64	-1
45	95	Tail	64	-1
40	10	Tail	64	-1
36	7	Tail	64	-1
40	66	Head	64	-1
6	45	Stand	64	-1
58	72	Head	64	-1
89	4	Head	64	-1
73	72	Tail	64	-1
53	24	Tail	64	-1
48	4	Stand	64	-1
32	40	Stand	64	-1
92	47	Head	64	-1
73	42	Stand	64	-1
48	41	Head	64	-1
43	30	Stand	64	-1
3	2	Tail	64	-1
77	26	Tail	64	-1
11	77	Tail	64	-1
27	88	Head	64	-1
18	24	Head	64	-1
42	84	Head	64	-1
25	47	Stand	64	-1
95	66	Tail	64	-1
91	45	Tail	64	-1
6	43	Head	64	-1
80	49	Tail	64	-1
68	10	Head	64	-1
25	65	Head	64	-1
56	99	Head	64	-1
12	94	Tail	64	-1
39	25	Head	64	-1
77	35	Tail	64	-1
65	88	Head	64	-1
9	63	Tail	64	-1
16	77	Tail	64	-1
67	14	Tail	64	-1
69	92	Tail	64	-1
63	13	Tail	64	-1
97	54	Head	64	-1
17	9	Stand	64	-1
34	69	Head	64	-1
61	59	Head	64	-1
17	90	Head	64	-1
95	30	Head	64	-1
62	56	Tail	64	-1
37	52	Head	64	-1
42	16	Stand	64	-1
18	30	Head	64	-1
38	95	Head	64	-1
70	88	Tail	64	-1
34	10	Tail	64	-1
25	12	Tail	64	-1
75	92	Head	64	-1
10	77	Tail	64	-1
1	67	Tail	64	-1
22	8	Tail	64	-1
34	6	Head	64	-1
41	12	Head	64	-1
34	50	Tail	64	-1
87	92	Head	64	-1
27	41	Tail	65	-1
24	49	Head	65	-1
16	52	Tail	65	-1
89	34	Tail	65	-1
45	95	Tail	65	-1
40	10	Tail	65	-1
36	7	Tail	65	-1
40	66	Head	65	-1
6	45	Stand	65	-1
58	72	Head	65	-1
89	4	Head	65	-1
73	72	Tail	65	-1
53	24	Tail	65	-1
48	4	Stand	65	-1
32	40	Stand	65	-1
92	47	Head	65	-1
73	42	Stand	65	-1
48	41	Head	65	-1
43	30	Stand	65	-1
3	2	Tail	65	-1
77	26	Tail	65	-1
11	77	Tail	65	-1
27	88	Head	65	-1
18	24	Head	65	-1
42	84	Head	65	-1
25	47	Stand	65	-1
95	66	Tail	65	-1
91	45	Tail	65	-1
6	43	Head	65	-1
80	49	Tail	65	-1
68	10	Head	65	-1
25	65	Head	65	-1
56	99	Head	65	-1
12	94	Tail	65	-1
39	25	Head	65	-1
77	35	Tail	65	-1
65	88	Head	65	-1
9	63	Tail	65	-1
16	77	Tail	65	-1
67	14	Tail	65	-1
69	92	Tail	65	-1
63	13	Tail	65	-1
97	54	Head	65	-1
17	9	Stand	65	-1
34	69	Head	65	-1
61	59	Head	65	-1
17	90	Head	65	-1
95	30	Head	65	-1
62	56	Tail	65	-1
37	52	Head	65	-1
42	16	Stand	65	-1
18	30	Head	65	-1
38	95	Head	65	-1
70	88	Tail	65	-1
34	10	Tail	65	-1
25	12	Tail	65	-1
75	92	Head	65	-1
10	77	Tail	65	-1
1	67	Tail	65	-1
22	8	Tail	65	-1
34	6	Head	65	-1
41	12	Head	65	-1
34	50	Tail	65	-1
87	92	Head	65	-1
55	99	Tail	65	-1
27	41	Tail	66	-1
24	49	Head	66	-1
16	52	Tail	66	-1
89	34	Tail	66	-1
45	95	Tail	66	-1
40	10	Tail	66	-1
36	7	Tail	66	-1
40	66	Head	66	-1
6	45	Stand	66	-1
58	72	Head	66	-1
89	4	Head	66	-1
73	72	Tail	66	-1
53	24	Tail	66	-1
48	4	Stand	66	-1
32	40	Stand	66	-1
92	47	Head	66	-1
73	42	Stand	66	-1
48	41	Head	66	-1
43	30	Stand	66	-1
3	2	Tail	66	-1
77	26	Tail	66	-1
11	77	Tail	66	-1
27	88	Head	66	-1
18	24	Head	66	-1
42	84	Head	66	-1
25	47	Stand	66	-1
95	66	Tail	66	-1
91	45	Tail	66	-1
6	43	Head	66	-1
80	49	Tail	66	-1
68	10	Head	66	-1
25	65	Head	66	-1
56	99	Head	66	-1
12	94	Tail	66	-1
39	25	Head	66	-1
77	35	Tail	66	-1
65	88	Head	66	-1
9	63	Tail	66	-1
16	77	Tail	66	-1
67	14	Tail	66	-1
69	92	Tail	66	-1
63	13	Tail	66	-1
97	54	Head	66	-1
17	9	Stand	66	-1
34	69	Head	66	-1
61	59	Head	66	-1
17	90	Head	66	-1
95	30	Head	66	-1
62	56	Tail	66	-1
37	52	Head	66	-1
42	16	Stand	66	-1
18	30	Head	66	-1
38	95	Head	66	-1
70	88	Tail	66	-1
34	10	Tail	66	-1
25	12	Tail	66	-1
75	92	Head	66	-1
10	77	Tail	66	-1
1	67	Tail	66	-1
22	8	Tail	66	-1
34	6	Head	66	-1
41	12	Head	66	-1
34	50	Tail	66	-1
87	92	Head	66	-1
55	99	Tail	66	-1
12	91	Tail	66	-1
27	41	Tail	67	-1
24	49	Head	67	-1
16	52	Tail	67	-1
89	34	Tail	67	-1
45	95	Tail	67	-1
40	10	Tail	67	-1
36	7	Tail	67	-1
40	66	Head	67	-1
6	45	Stand	67	-1
58	72	Head	67	-1
89	4	Head	67	-1
73	72	Tail	67	-1
53	24	Tail	67	-1
48	4	Stand	67	-1
32	40	Stand	67	-1
92	47	Head	67	-1
73	42	Stand	67	-1
48	41	Head	67	-1
43	30	Stand	67	-1
3	2	Tail	67	-1
77	26	Tail	67	-1
11	77	Tail	67	-1
27	88	Head	67	-1
18	24	Head	67	-1
42	84	Head	67	-1
25	47	Stand	67	-1
95	66	Tail	67	-1
91	45	Tail	67	-1
6	43	Head	67	-1
80	49	Tail	67	-1
68	10	Head	67	-1
25	65	Head	67	-1
56	99	Head	67	-1
12	94	Tail	67	-1
39	25	Head	67	-1
77	35	Tail	67	-1
65	88	Head	67	-1
9	63	Tail	67	-1
16	77	Tail	67	-1
67	14	Tail	67	-1
69	92	Tail	67	-1
63	13	Tail	67	-1
97	54	Head	67	-1
17	9	Stand	67	-1
34	69	Head	67	-1
61	59	Head	67	-1
17	90	Head	67	-1
95	30	Head	67	-1
62	56	Tail	67	-1
37	52	Head	67	-1
42	16	Stand	67	-1
18	30	Head	67	-1
38	95	Head	67	-1
70	88	Tail	67	-1
34	10	Tail	67	-1
25	12	Tail	67	-1
75	92	Head	67	-1
10	77	Tail	67	-1
1	67	Tail	67	-1
22	8	Tail	67	-1
34	6	Head	67	-1
41	12	Head	67	-1
34	50	Tail	67	-1
87	92	Head	67	-1
55	99	Tail	67	-1
12	91	Tail	67	-1
78	53	Head	67	-1
27	41	Tail	68	-1
24	49	Head	68	-1
16	52	Tail	68	-1
89	34	Tail	68	-1
45	95	Tail	68	-1
40	10	Tail	68	-1
36	7	Tail	68	-1
40	66	Head	68	-1
6	45	Stand	68	-1
58	72	Head	68	-1
89	4	Head	68	-1
73	72	Tail	68	-1
53	24	Tail	68	-1
48	4	Stand	68	-1
32	40	Stand	68	-1
92	47	Head	68	-1
73	42	Stand	68	-1
48	41	Head	68	-1
43	30	Stand	68	-1
3	2	Tail	68	-1
77	26	Tail	68	-1
11	77	Tail	68	-1
27	88	Head	68	-1
18	24	Head	68	-1
42	84	Head	68	-1
25	47	Stand	68	-1
95	66	Tail	68	-1
91	45	Tail	68	-1
6	43	Head	68	-1
80	49	Tail	68	-1
68	10	Head	68	-1
25	65	Head	68	-1
56	99	Head	68	-1
12	94	Tail	68	-1
39	25	Head	68	-1
77	35	Tail	68	-1
65	88	Head	68	-1
9	63	Tail	68	-1
16	77	Tail	68	-1
67	14	Tail	68	-1
69	92	Tail	68	-1
63	13	Tail	68	-1
97	54	Head	68	-1
17	9	Stand	68	-1
34	69	Head	68	-1
61	59	Head	68	-1
17	90	Head	68	-1
95	30	Head	68	-1
62	56	Tail	68	-1
37	52	Head	68	-1
42	16	Stand	68	-1
18	30	Head	68	-1
38	95	Head	68	-1
70	88	Tail	68	-1
34	10	Tail	68	-1
25	12	Tail	68	-1
75	92	Head	68	-1
10	77	Tail	68	-1
1	67	Tail	68	-1
22	8	Tail	68	-1
34	6	Head	68	-1
41	12	Head	68	-1
34	50	Tail	68	-1
87	92	Head	68	-1
55	99	Tail	68	-1
12	91	Tail	68	-1
78	53	Head	68	-1
61	24	Head	68	-1
27	41	Tail	69	-1
24	49	Head	69	-1
16	52	Tail	69	-1
89	34	Tail	69	-1
45	95	Tail	69	-1
40	10	Tail	69	-1
36	7	Tail	69	-1
40	66	Head	69	-1
6	45	Stand	69	-1
58	72	Head	69	-1
89	4	Head	69	-1
73	72	Tail	69	-1
53	24	Tail	69	-1
48	4	Stand	69	-1
32	40	Stand	69	-1
92	47	Head	69	-1
73	42	Stand	69	-1
48	41	Head	69	-1
43	30	Stand	69	-1
3	2	Tail	69	-1
77	26	Tail	69	-1
11	77	Tail	69	-1
27	88	Head	69	-1
18	24	Head	69	-1
42	84	Head	69	-1
25	47	Stand	69	-1
95	66	Tail	69	-1
91	45	Tail	69	-1
6	43	Head	69	-1
80	49	Tail	69	-1
68	10	Head	69	-1
25	65	Head	69	-1
56	99	Head	69	-1
12	94	Tail	69	-1
39	25	Head	69	-1
77	35	Tail	69	-1
65	88	Head	69	-1
9	63	Tail	69	-1
16	77	Tail	69	-1
67	14	Tail	69	-1
69	92	Tail	69	-1
63	13	Tail	69	-1
97	54	Head	69	-1
17	9	Stand	69	-1
34	69	Head	69	-1
61	59	Head	69	-1
17	90	Head	69	-1
95	30	Head	69	-1
62	56	Tail	69	-1
37	52	Head	69	-1
42	16	Stand	69	-1
18	30	Head	69	-1
38	95	Head	69	-1
70	88	Tail	69	-1
34	10	Tail	69	-1
25	12	Tail	69	-1
75	92	Head	69	-1
10	77	Tail	69	-1
1	67	Tail	69	-1
22	8	Tail	69	-1
34	6	Head	69	-1
41	12	Head	69	-1
34	50	Tail	69	-1
87	92	Head	69	-1
55	99	Tail	69	-1
12	91	Tail	69	-1
78	53	Head	69	-1
61	24	Head	69	-1
78	7	Tail	69	-1
27	41	Tail	70	-1
24	49	Head	70	-1
16	52	Tail	70	-1
89	34	Tail	70	-1
45	95	Tail	70	-1
40	10	Tail	70	-1
36	7	Tail	70	-1
40	66	Head	70	-1
6	45	Stand	70	-1
58	72	Head	70	-1
89	4	Head	70	-1
73	72	Tail	70	-1
53	24	Tail	70	-1
48	4	Stand	70	-1
32	40	Stand	70	-1
92	47	Head	70	-1
73	42	Stand	70	-1
48	41	Head	70	-1
43	30	Stand	70	-1
3	2	Tail	70	-1
77	26	Tail	70	-1
11	77	Tail	70	-1
27	88	Head	70	-1
18	24	Head	70	-1
42	84	Head	70	-1
25	47	Stand	70	-1
95	66	Tail	70	-1
91	45	Tail	70	-1
6	43	Head	70	-1
80	49	Tail	70	-1
68	10	Head	70	-1
25	65	Head	70	-1
56	99	Head	70	-1
12	94	Tail	70	-1
39	25	Head	70	-1
77	35	Tail	70	-1
65	88	Head	70	-1
9	63	Tail	70	-1
16	77	Tail	70	-1
67	14	Tail	70	-1
69	92	Tail	70	-1
63	13	Tail	70	-1
97	54	Head	70	-1
17	9	Stand	70	-1
34	69	Head	70	-1
61	59	Head	70	-1
17	90	Head	70	-1
95	30	Head	70	-1
62	56	Tail	70	-1
37	52	Head	70	-1
42	16	Stand	70	-1
18	30	Head	70	-1
38	95	Head	70	-1
70	88	Tail	70	-1
34	10	Tail	70	-1
25	12	Tail	70	-1
75	92	Head	70	-1
10	77	Tail	70	-1
1	67	Tail	70	-1
22	8	Tail	70	-1
34	6	Head	70	-1
41	12	Head	70	-1
34	50	Tail	70	-1
87	92	Head	70	-1
55	99	Tail	70	-1
12	91	Tail	70	-1
78	53	Head	70	-1
61	24	Head	70	-1
78	7	Tail	70	-1
33	39	Head	70	-1
27	41	Tail	71	-1
24	49	Head	71	-1
16	52	Tail	71	-1
89	34	Tail	71	-1
45	95	Tail	71	-1
40	10	Tail	71	-1
36	7	Tail	71	-1
40	66	Head	71	-1
6	45	Stand	71	-1
58	72	Head	71	-1
89	4	Head	71	-1
73	72	Tail	71	-1
53	24	Tail	71	-1
48	4	Stand	71	-1
32	40	Stand	71	-1
92	47	Head	71	-1
73	42	Stand	71	-1
48	41	Head	71	-1
43	30	Stand	71	-1
3	2	Tail	71	-1
77	26	Tail	71	-1
11	77	Tail	71	-1
27	88	Head	71	-1
18	24	Head	71	-1
42	84	Head	71	-1
25	47	Stand	71	-1
95	66	Tail	71	-1
91	45	Tail	71	-1
6	43	Head	71	-1
80	49	Tail	71	-1
68	10	Head	71	-1
25	65	Head	71	-1
56	99	Head	71	-1
12	94	Tail	71	-1
39	25	Head	71	-1
77	35	Tail	71	-1
65	88	Head	71	-1
9	63	Tail	71	-1
16	77	Tail	71	-1
67	14	Tail	71	-1
69	92	Tail	71	-1
63	13	Tail	71	-1
97	54	Head	71	-1
17	9	Stand	71	-1
34	69	Head	71	-1
61	59	Head	71	-1
17	90	Head	71	-1
95	30	Head	71	-1
62	56	Tail	71	-1
37	52	Head	71	-1
42	16	Stand	71	-1
18	30	Head	71	-1
38	95	Head	71	-1
70	88	Tail	71	-1
34	10	Tail	71	-1
25	12	Tail	71	-1
75	92	Head	71	-1
10	77	Tail	71	-1
1	67	Tail	71	-1
22	8	Tail	71	-1
34	6	Head	71	-1
41	12	Head	71	-1
34	50	Tail	71	-1
87	92	Head	71	-1
55	99	Tail	71	-1
12	91	Tail	71	-1
78	53	Head	71	-1
61	24	Head	71	-1
78	7	Tail	71	-1
33	39	Head	71	-1
50	65	Stand	71	-1
27	41	Tail	72	-1
24	49	Head	72	-1
16	52	Tail	72	-1
89	34	Tail	72	-1
45	95	Tail	72	-1
40	10	Tail	72	-1
36	7	Tail	72	-1
40	66	Head	72	-1
6	45	Stand	72	-1
58	72	Head	72	-1
89	4	Head	72	-1
73	72	Tail	72	-1
53	24	Tail	72	-1
48	4	Stand	72	-1
32	40	Stand	72	-1
92	47	Head	72	-1
73	42	Stand	72	-1
48	41	Head	72	-1
43	30	Stand	72	-1
3	2	Tail	72	-1
77	26	Tail	72	-1
11	77	Tail	72	-1
27	88	Head	72	-1
18	24	Head	72	-1
42	84	Head	72	-1
25	47	Stand	72	-1
95	66	Tail	72	-1
91	45	Tail	72	-1
6	43	Head	72	-1
80	49	Tail	72	-1
68	10	Head	72	-1
25	65	Head	72	-1
56	99	Head	72	-1
12	94	Tail	72	-1
39	25	Head	72	-1
77	35	Tail	72	-1
65	88	Head	72	-1
9	63	Tail	72	-1
16	77	Tail	72	-1
67	14	Tail	72	-1
69	92	Tail	72	-1
63	13	Tail	72	-1
97	54	Head	72	-1
17	9	Stand	72	-1
34	69	Head	72	-1
61	59	Head	72	-1
17	90	Head	72	-1
95	30	Head	72	-1
62	56	Tail	72	-1
37	52	Head	72	-1
42	16	Stand	72	-1
18	30	Head	72	-1
38	95	Head	72	-1
70	88	Tail	72	-1
34	10	Tail	72	-1
25	12	Tail	72	-1
75	92	Head	72	-1
10	77	Tail	72	-1
1	67	Tail	72	-1
22	8	Tail	72	-1
34	6	Head	72	-1
41	12	Head	72	-1
34	50	Tail	72	-1
87	92	Head	72	-1
55	99	Tail	72	-1
12	91	Tail	72	-1
78	53	Head	72	-1
61	24	Head	72	-1
78	7	Tail	72	-1
33	39	Head	72	-1
50	65	Stand	72	-1
31	73	Tail	72	-1
27	41	Tail	73	-1
24	49	Head	73	-1
16	52	Tail	73	-1
89	34	Tail	73	-1
45	95	Tail	73	-1
40	10	Tail	73	-1
36	7	Tail	73	-1
40	66	Head	73	-1
6	45	Stand	73	-1
58	72	Head	73	-1
89	4	Head	73	-1
73	72	Tail	73	-1
53	24	Tail	73	-1
48	4	Stand	73	-1
32	40	Stand	73	-1
92	47	Head	73	-1
73	42	Stand	73	-1
48	41	Head	73	-1
43	30	Stand	73	-1
3	2	Tail	73	-1
77	26	Tail	73	-1
11	77	Tail	73	-1
27	88	Head	73	-1
18	24	Head	73	-1
42	84	Head	73	-1
25	47	Stand	73	-1
95	66	Tail	73	-1
91	45	Tail	73	-1
6	43	Head	73	-1
80	49	Tail	73	-1
68	10	Head	73	-1
25	65	Head	73	-1
56	99	Head	73	-1
12	94	Tail	73	-1
39	25	Head	73	-1
77	35	Tail	73	-1
65	88	Head	73	-1
9	63	Tail	73	-1
16	77	Tail	73	-1
67	14	Tail	73	-1
69	92	Tail	73	-1
63	13	Tail	73	-1
97	54	Head	73	-1
17	9	Stand	73	-1
34	69	Head	73	-1
61	59	Head	73	-1
17	90	Head	73	-1
95	30	Head	73	-1
62	56	Tail	73	-1
37	52	Head	73	-1
42	16	Stand	73	-1
18	30	Head	73	-1
38	95	Head	73	-1
70	88	Tail	73	-1
34	10	Tail	73	-1
25	12	Tail	73	-1
75	92	Head	73	-1
10	77	Tail	73	-1
1	67	Tail	73	-1
22	8	Tail	73	-1
34	6	Head	73	-1
41	12	Head	73	-1
34	50	Tail	73	-1
87	92	Head	73	-1
55	99	Tail	73	-1
12	91	Tail	73	-1
78	53	Head	73	-1
61	24	Head	73	-1
78	7	Tail	73	-1
33	39	Head	73	-1
50	65	Stand	73	-1
31	73	Tail	73	-1
98	11	Tail	73	-1
27	41	Tail	74	-1
24	49	Head	74	-1
16	52	Tail	74	-1
89	34	Tail	74	-1
45	95	Tail	74	-1
40	10	Tail	74	-1
36	7	Tail	74	-1
40	66	Head	74	-1
6	45	Stand	74	-1
58	72	Head	74	-1
89	4	Head	74	-1
73	72	Tail	74	-1
53	24	Tail	74	-1
48	4	Stand	74	-1
32	40	Stand	74	-1
92	47	Head	74	-1
73	42	Stand	74	-1
48	41	Head	74	-1
43	30	Stand	74	-1
3	2	Tail	74	-1
77	26	Tail	74	-1
11	77	Tail	74	-1
27	88	Head	74	-1
18	24	Head	74	-1
42	84	Head	74	-1
25	47	Stand	74	-1
95	66	Tail	74	-1
91	45	Tail	74	-1
6	43	Head	74	-1
80	49	Tail	74	-1
68	10	Head	74	-1
25	65	Head	74	-1
56	99	Head	74	-1
12	94	Tail	74	-1
39	25	Head	74	-1
77	35	Tail	74	-1
65	88	Head	74	-1
9	63	Tail	74	-1
16	77	Tail	74	-1
67	14	Tail	74	-1
69	92	Tail	74	-1
63	13	Tail	74	-1
97	54	Head	74	-1
17	9	Stand	74	-1
34	69	Head	74	-1
61	59	Head	74	-1
17	90	Head	74	-1
95	30	Head	74	-1
62	56	Tail	74	-1
37	52	Head	74	-1
42	16	Stand	74	-1
18	30	Head	74	-1
38	95	Head	74	-1
70	88	Tail	74	-1
34	10	Tail	74	-1
25	12	Tail	74	-1
75	92	Head	74	-1
10	77	Tail	74	-1
1	67	Tail	74	-1
22	8	Tail	74	-1
34	6	Head	74	-1
41	12	Head	74	-1
34	50	Tail	74	-1
87	92	Head	74	-1
55	99	Tail	74	-1
12	91	Tail	74	-1
78	53	Head	74	-1
61	24	Head	74	-1
78	7	Tail	74	-1
33	39	Head	74	-1
50	65	Stand	74	-1
31	73	Tail	74	-1
98	11	Tail	74	-1
72	80	Head	74	-1
27	41	Tail	75	-1
24	49	Head	75	-1
16	52	Tail	75	-1
89	34	Tail	75	-1
45	95	Tail	75	-1
40	10	Tail	75	-1
36	7	Tail	75	-1
40	66	Head	75	-1
6	45	Stand	75	-1
58	72	Head	75	-1
89	4	Head	75	-1
73	72	Tail	75	-1
53	24	Tail	75	-1
48	4	Stand	75	-1
32	40	Stand	75	-1
92	47	Head	75	-1
73	42	Stand	75	-1
48	41	Head	75	-1
43	30	Stand	75	-1
3	2	Tail	75	-1
77	26	Tail	75	-1
11	77	Tail	75	-1
27	88	Head	75	-1
18	24	Head	75	-1
42	84	Head	75	-1
25	47	Stand	75	-1
95	66	Tail	75	-1
91	45	Tail	75	-1
6	43	Head	75	-1
80	49	Tail	75	-1
68	10	Head	75	-1
25	65	Head	75	-1
56	99	Head	75	-1
12	94	Tail	75	-1
39	25	Head	75	-1
77	35	Tail	75	-1
65	88	Head	75	-1
9	63	Tail	75	-1
16	77	Tail	75	-1
67	14	Tail	75	-1
69	92	Tail	75	-1
63	13	Tail	75	-1
97	54	Head	75	-1
17	9	Stand	75	-1
34	69	Head	75	-1
61	59	Head	75	-1
17	90	Head	75	-1
95	30	Head	75	-1
62	56	Tail	75	-1
37	52	Head	75	-1
42	16	Stand	75	-1
18	30	Head	75	-1
38	95	Head	75	-1
70	88	Tail	75	-1
34	10	Tail	75	-1
25	12	Tail	75	-1
75	92	Head	75	-1
10	77	Tail	75	-1
1	67	Tail	75	-1
22	8	Tail	75	-1
34	6	Head	75	-1
41	12	Head	75	-1
34	50	Tail	75	-1
87	92	Head	75	-1
55	99	Tail	75	-1
12	91	Tail	75	-1
78	53	Head	75	-1
61	24	Head	75	-1
78	7	Tail	75	-1
33	39	Head	75	-1
50	65	Stand	75	-1
31	73	Tail	75	-1
98	11	Tail	75	-1
72	80	Head	75	-1
37	75	Head	75	-1
27	41	Tail	76	-1
24	49	Head	76	-1
16	52	Tail	76	-1
89	34	Tail	76	-1
45	95	Tail	76	-1
40	10	Tail	76	-1
36	7	Tail	76	-1
40	66	Head	76	-1
6	45	Stand	76	-1
58	72	Head	76	-1
89	4	Head	76	-1
73	72	Tail	76	-1
53	24	Tail	76	-1
48	4	Stand	76	-1
32	40	Stand	76	-1
92	47	Head	76	-1
73	42	Stand	76	-1
48	41	Head	76	-1
43	30	Stand	76	-1
3	2	Tail	76	-1
77	26	Tail	76	-1
11	77	Tail	76	-1
27	88	Head	76	-1
18	24	Head	76	-1
42	84	Head	76	-1
25	47	Stand	76	-1
95	66	Tail	76	-1
91	45	Tail	76	-1
6	43	Head	76	-1
80	49	Tail	76	-1
68	10	Head	76	-1
25	65	Head	76	-1
56	99	Head	76	-1
12	94	Tail	76	-1
39	25	Head	76	-1
77	35	Tail	76	-1
65	88	Head	76	-1
9	63	Tail	76	-1
16	77	Tail	76	-1
67	14	Tail	76	-1
69	92	Tail	76	-1
63	13	Tail	76	-1
97	54	Head	76	-1
17	9	Stand	76	-1
34	69	Head	76	-1
61	59	Head	76	-1
17	90	Head	76	-1
95	30	Head	76	-1
62	56	Tail	76	-1
37	52	Head	76	-1
42	16	Stand	76	-1
18	30	Head	76	-1
38	95	Head	76	-1
70	88	Tail	76	-1
34	10	Tail	76	-1
25	12	Tail	76	-1
75	92	Head	76	-1
10	77	Tail	76	-1
1	67	Tail	76	-1
22	8	Tail	76	-1
34	6	Head	76	-1
41	12	Head	76	-1
34	50	Tail	76	-1
87	92	Head	76	-1
55	99	Tail	76	-1
12	91	Tail	76	-1
78	53	Head	76	-1
61	24	Head	76	-1
78	7	Tail	76	-1
33	39	Head	76	-1
50	65	Stand	76	-1
31	73	Tail	76	-1
98	11	Tail	76	-1
72	80	Head	76	-1
37	75	Head	76	-1
41	91	Stand	76	-1
27	41	Tail	77	-1
24	49	Head	77	-1
16	52	Tail	77	-1
89	34	Tail	77	-1
45	95	Tail	77	-1
40	10	Tail	77	-1
36	7	Tail	77	-1
40	66	Head	77	-1
6	45	Stand	77	-1
58	72	Head	77	-1
89	4	Head	77	-1
73	72	Tail	77	-1
53	24	Tail	77	-1
48	4	Stand	77	-1
32	40	Stand	77	-1
92	47	Head	77	-1
73	42	Stand	77	-1
48	41	Head	77	-1
43	30	Stand	77	-1
3	2	Tail	77	-1
77	26	Tail	77	-1
11	77	Tail	77	-1
27	88	Head	77	-1
18	24	Head	77	-1
42	84	Head	77	-1
25	47	Stand	77	-1
95	66	Tail	77	-1
91	45	Tail	77	-1
6	43	Head	77	-1
80	49	Tail	77	-1
68	10	Head	77	-1
25	65	Head	77	-1
56	99	Head	77	-1
12	94	Tail	77	-1
39	25	Head	77	-1
77	35	Tail	77	-1
65	88	Head	77	-1
9	63	Tail	77	-1
16	77	Tail	77	-1
67	14	Tail	77	-1
69	92	Tail	77	-1
63	13	Tail	77	-1
97	54	Head	77	-1
17	9	Stand	77	-1
34	69	Head	77	-1
61	59	Head	77	-1
17	90	Head	77	-1
95	30	Head	77	-1
62	56	Tail	77	-1
37	52	Head	77	-1
42	16	Stand	77	-1
18	30	Head	77	-1
38	95	Head	77	-1
70	88	Tail	77	-1
34	10	Tail	77	-1
25	12	Tail	77	-1
75	92	Head	77	-1
10	77	Tail	77	-1
1	67	Tail	77	-1
22	8	Tail	77	-1
34	6	Head	77	-1
41	12	Head	77	-1
34	50	Tail	77	-1
87	92	Head	77	-1
55	99	Tail	77	-1
12	91	Tail	77	-1
78	53	Head	77	-1
61	24	Head	77	-1
78	7	Tail	77	-1
33	39	Head	77	-1
50	65	Stand	77	-1
31	73	Tail	77	-1
98	11	Tail	77	-1
72	80	Head	77	-1
37	75	Head	77	-1
41	91	Stand	77	-1
98	19	Head	77	-1
27	41	Tail	78	-1
24	49	Head	78	-1
16	52	Tail	78	-1
89	34	Tail	78	-1
45	95	Tail	78	-1
40	10	Tail	78	-1
36	7	Tail	78	-1
40	66	Head	78	-1
6	45	Stand	78	-1
58	72	Head	78	-1
89	4	Head	78	-1
73	72	Tail	78	-1
53	24	Tail	78	-1
48	4	Stand	78	-1
32	40	Stand	78	-1
92	47	Head	78	-1
73	42	Stand	78	-1
48	41	Head	78	-1
43	30	Stand	78	-1
3	2	Tail	78	-1
77	26	Tail	78	-1
11	77	Tail	78	-1
27	88	Head	78	-1
18	24	Head	78	-1
42	84	Head	78	-1
25	47	Stand	78	-1
95	66	Tail	78	-1
91	45	Tail	78	-1
6	43	Head	78	-1
80	49	Tail	78	-1
68	10	Head	78	-1
25	65	Head	78	-1
56	99	Head	78	-1
12	94	Tail	78	-1
39	25	Head	78	-1
77	35	Tail	78	-1
65	88	Head	78	-1
9	63	Tail	78	-1
16	77	Tail	78	-1
67	14	Tail	78	-1
69	92	Tail	78	-1
63	13	Tail	78	-1
97	54	Head	78	-1
17	9	Stand	78	-1
34	69	Head	78	-1
61	59	Head	78	-1
17	90	Head	78	-1
95	30	Head	78	-1
62	56	Tail	78	-1
37	52	Head	78	-1
42	16	Stand	78	-1
18	30	Head	78	-1
38	95	Head	78	-1
70	88	Tail	78	-1
34	10	Tail	78	-1
25	12	Tail	78	-1
75	92	Head	78	-1
10	77	Tail	78	-1
1	67	Tail	78	-1
22	8	Tail	78	-1
34	6	Head	78	-1
41	12	Head	78	-1
34	50	Tail	78	-1
87	92	Head	78	-1
55	99	Tail	78	-1
12	91	Tail	78	-1
78	53	Head	78	-1
61	24	Head	78	-1
78	7	Tail	78	-1
33	39	Head	78	-1
50	65	Stand	78	-1
31	73	Tail	78	-1
98	11	Tail	78	-1
72	80	Head	78	-1
37	75	Head	78	-1
41	91	Stand	78	-1
98	19	Head	78	-1
9	25	Tail	78	-1
27	41	Tail	79	-1
24	49	Head	79	-1
16	52	Tail	79	-1
89	34	Tail	79	-1
45	95	Tail	79	-1
40	10	Tail	79	-1
36	7	Tail	79	-1
40	66	Head	79	-1
6	45	Stand	79	-1
58	72	Head	79	-1
89	4	Head	79	-1
73	72	Tail	79	-1
53	24	Tail	79	-1
48	4	Stand	79	-1
32	40	Stand	79	-1
92	47	Head	79	-1
73	42	Stand	79	-1
48	41	Head	79	-1
43	30	Stand	79	-1
3	2	Tail	79	-1
77	26	Tail	79	-1
11	77	Tail	79	-1
27	88	Head	79	-1
18	24	Head	79	-1
42	84	Head	79	-1
25	47	Stand	79	-1
95	66	Tail	79	-1
91	45	Tail	79	-1
6	43	Head	79	-1
80	49	Tail	79	-1
68	10	Head	79	-1
25	65	Head	79	-1
56	99	Head	79	-1
12	94	Tail	79	-1
39	25	Head	79	-1
77	35	Tail	79	-1
65	88	Head	79	-1
9	63	Tail	79	-1
16	77	Tail	79	-1
67	14	Tail	79	-1
69	92	Tail	79	-1
63	13	Tail	79	-1
97	54	Head	79	-1
17	9	Stand	79	-1
34	69	Head	79	-1
61	59	Head	79	-1
17	90	Head	79	-1
95	30	Head	79	-1
62	56	Tail	79	-1
37	52	Head	79	-1
42	16	Stand	79	-1
18	30	Head	79	-1
38	95	Head	79	-1
70	88	Tail	79	-1
34	10	Tail	79	-1
25	12	Tail	79	-1
75	92	Head	79	-1
10	77	Tail	79	-1
1	67	Tail	79	-1
22	8	Tail	79	-1
34	6	Head	79	-1
41	12	Head	79	-1
34	50	Tail	79	-1
87	92	Head	79	-1
55	99	Tail	79	-1
12	91	Tail	79	-1
78	53	Head	79	-1
61	24	Head	79	-1
78	7	Tail	79	-1
33	39	Head	79	-1
50	65	Stand	79	-1
31	73	Tail	79	-1
98	11	Tail	79	-1
72	80	Head	79	-1
37	75	Head	79	-1
41	91	Stand	79	-1
98	19	Head	79	-1
9	25	Tail	79	-1
45	99	Tail	79	-1
27	41	Tail	80	-1
24	49	Head	80	-1
16	52	Tail	80	-1
89	34	Tail	80	-1
45	95	Tail	80	-1
40	10	Tail	80	-1
36	7	Tail	80	-1
40	66	Head	80	-1
6	45	Stand	80	-1
58	72	Head	80	-1
89	4	Head	80	-1
73	72	Tail	80	-1
53	24	Tail	80	-1
48	4	Stand	80	-1
32	40	Stand	80	-1
92	47	Head	80	-1
73	42	Stand	80	-1
48	41	Head	80	-1
43	30	Stand	80	-1
3	2	Tail	80	-1
77	26	Tail	80	-1
11	77	Tail	80	-1
27	88	Head	80	-1
18	24	Head	80	-1
42	84	Head	80	-1
25	47	Stand	80	-1
95	66	Tail	80	-1
91	45	Tail	80	-1
6	43	Head	80	-1
80	49	Tail	80	-1
68	10	Head	80	-1
25	65	Head	80	-1
56	99	Head	80	-1
12	94	Tail	80	-1
39	25	Head	80	-1
77	35	Tail	80	-1
65	88	Head	80	-1
9	63	Tail	80	-1
16	77	Tail	80	-1
67	14	Tail	80	-1
69	92	Tail	80	-1
63	13	Tail	80	-1
97	54	Head	80	-1
17	9	Stand	80	-1
34	69	Head	80	-1
61	59	Head	80	-1
17	90	Head	80	-1
95	30	Head	80	-1
62	56	Tail	80	-1
37	52	Head	80	-1
42	16	Stand	80	-1
18	30	Head	80	-1
38	95	Head	80	-1
70	88	Tail	80	-1
34	10	Tail	80	-1
25	12	Tail	80	-1
75	92	Head	80	-1
10	77	Tail	80	-1
1	67	Tail	80	-1
22	8	Tail	80	-1
34	6	Head	80	-1
41	12	Head	80	-1
34	50	Tail	80	-1
87	92	Head	80	-1
55	99	Tail	80	-1
12	91	Tail	80	-1
78	53	Head	80	-1
61	24	Head	80	-1
78	7	Tail	80	-1
33	39	Head	80	-1
50	65	Stand	80	-1
31	73	Tail	80	-1
98	11	Tail	80	-1
72	80	Head	80	-1
37	75	Head	80	-1
41	91	Stand	80	-1
98	19	Head	80	-1
9	25	Tail	80	-1
45	99	Tail	80	-1
84	48	Head	80	-1
27	41	Tail	81	-1
24	49	Head	81	-1
16	52	Tail	81	-1
89	34	Tail	81	-1
45	95	Tail	81	-1
40	10	Tail	81	-1
36	7	Tail	81	-1
40	66	Head	81	-1
6	45	Stand	81	-1
58	72	Head	81	-1
89	4	Head	81	-1
73	72	Tail	81	-1
53	24	Tail	81	-1
48	4	Stand	81	-1
32	40	Stand	81	-1
92	47	Head	81	-1
73	42	Stand	81	-1
48	41	Head	81	-1
43	30	Stand	81	-1
3	2	Tail	81	-1
77	26	Tail	81	-1
11	77	Tail	81	-1
27	88	Head	81	-1
18	24	Head	81	-1
42	84	Head	81	-1
25	47	Stand	81	-1
95	66	Tail	81	-1
91	45	Tail	81	-1
6	43	Head	81	-1
80	49	Tail	81	-1
68	10	Head	81	-1
25	65	Head	81	-1
56	99	Head	81	-1
12	94	Tail	81	-1
39	25	Head	81	-1
77	35	Tail	81	-1
65	88	Head	81	-1
9	63	Tail	81	-1
16	77	Tail	81	-1
67	14	Tail	81	-1
69	92	Tail	81	-1
63	13	Tail	81	-1
97	54	Head	81	-1
17	9	Stand	81	-1
34	69	Head	81	-1
61	59	Head	81	-1
17	90	Head	81	-1
95	30	Head	81	-1
62	56	Tail	81	-1
37	52	Head	81	-1
42	16	Stand	81	-1
18	30	Head	81	-1
38	95	Head	81	-1
70	88	Tail	81	-1
34	10	Tail	81	-1
25	12	Tail	81	-1
75	92	Head	81	-1
10	77	Tail	81	-1
1	67	Tail	81	-1
22	8	Tail	81	-1
34	6	Head	81	-1
41	12	Head	81	-1
34	50	Tail	81	-1
87	92	Head	81	-1
55	99	Tail	81	-1
12	91	Tail	81	-1
78	53	Head	81	-1
61	24	Head	81	-1
78	7	Tail	81	-1
33	39	Head	81	-1
50	65	Stand	81	-1
31	73	Tail	81	-1
98	11	Tail	81	-1
72	80	Head	81	-1
37	75	Head	81	-1
41	91	Stand	81	-1
98	19	Head	81	-1
9	25	Tail	81	-1
45	99	Tail	81	-1
84	48	Head	81	-1
13	55	Tail	81	-1
27	41	Tail	82	-1
24	49	Head	82	-1
16	52	Tail	82	-1
89	34	Tail	82	-1
45	95	Tail	82	-1
40	10	Tail	82	-1
36	7	Tail	82	-1
40	66	Head	82	-1
6	45	Stand	82	-1
58	72	Head	82	-1
89	4	Head	82	-1
73	72	Tail	82	-1
53	24	Tail	82	-1
48	4	Stand	82	-1
32	40	Stand	82	-1
92	47	Head	82	-1
73	42	Stand	82	-1
48	41	Head	82	-1
43	30	Stand	82	-1
3	2	Tail	82	-1
77	26	Tail	82	-1
11	77	Tail	82	-1
27	88	Head	82	-1
18	24	Head	82	-1
42	84	Head	82	-1
25	47	Stand	82	-1
95	66	Tail	82	-1
91	45	Tail	82	-1
6	43	Head	82	-1
80	49	Tail	82	-1
68	10	Head	82	-1
25	65	Head	82	-1
56	99	Head	82	-1
12	94	Tail	82	-1
39	25	Head	82	-1
77	35	Tail	82	-1
65	88	Head	82	-1
9	63	Tail	82	-1
16	77	Tail	82	-1
67	14	Tail	82	-1
69	92	Tail	82	-1
63	13	Tail	82	-1
97	54	Head	82	-1
17	9	Stand	82	-1
34	69	Head	82	-1
61	59	Head	82	-1
17	90	Head	82	-1
95	30	Head	82	-1
62	56	Tail	82	-1
37	52	Head	82	-1
42	16	Stand	82	-1
18	30	Head	82	-1
38	95	Head	82	-1
70	88	Tail	82	-1
34	10	Tail	82	-1
25	12	Tail	82	-1
75	92	Head	82	-1
10	77	Tail	82	-1
1	67	Tail	82	-1
22	8	Tail	82	-1
34	6	Head	82	-1
41	12	Head	82	-1
34	50	Tail	82	-1
87	92	Head	82	-1
55	99	Tail	82	-1
12	91	Tail	82	-1
78	53	Head	82	-1
61	24	Head	82	-1
78	7	Tail	82	-1
33	39	Head	82	-1
50	65	Stand	82	-1
31	73	Tail	82	-1
98	11	Tail	82	-1
72	80	Head	82	-1
37	75	Head	82	-1
41	91	Stand	82	-1
98	19	Head	82	-1
9	25	Tail	82	-1
45	99	Tail	82	-1
84	48	Head	82	-1
13	55	Tail	82	-1
6	68	Tail	82	-1
27	41	Tail	83	-1
24	49	Head	83	-1
16	52	Tail	83	-1
89	34	Tail	83	-1
45	95	Tail	83	-1
40	10	Tail	83	-1
36	7	Tail	83	-1
40	66	Head	83	-1
6	45	Stand	83	-1
58	72	Head	83	-1
89	4	Head	83	-1
73	72	Tail	83	-1
53	24	Tail	83	-1
48	4	Stand	83	-1
32	40	Stand	83	-1
92	47	Head	83	-1
73	42	Stand	83	-1
48	41	Head	83	-1
43	30	Stand	83	-1
3	2	Tail	83	-1
77	26	Tail	83	-1
11	77	Tail	83	-1
27	88	Head	83	-1
18	24	Head	83	-1
42	84	Head	83	-1
25	47	Stand	83	-1
95	66	Tail	83	-1
91	45	Tail	83	-1
6	43	Head	83	-1
80	49	Tail	83	-1
68	10	Head	83	-1
25	65	Head	83	-1
56	99	Head	83	-1
12	94	Tail	83	-1
39	25	Head	83	-1
77	35	Tail	83	-1
65	88	Head	83	-1
9	63	Tail	83	-1
16	77	Tail	83	-1
67	14	Tail	83	-1
69	92	Tail	83	-1
63	13	Tail	83	-1
97	54	Head	83	-1
17	9	Stand	83	-1
34	69	Head	83	-1
61	59	Head	83	-1
17	90	Head	83	-1
95	30	Head	83	-1
62	56	Tail	83	-1
37	52	Head	83	-1
42	16	Stand	83	-1
18	30	Head	83	-1
38	95	Head	83	-1
70	88	Tail	83	-1
34	10	Tail	83	-1
25	12	Tail	83	-1
75	92	Head	83	-1
10	77	Tail	83	-1
1	67	Tail	83	-1
22	8	Tail	83	-1
34	6	Head	83	-1
41	12	Head	83	-1
34	50	Tail	83	-1
87	92	Head	83	-1
55	99	Tail	83	-1
12	91	Tail	83	-1
78	53	Head	83	-1
61	24	Head	83	-1
78	7	Tail	83	-1
33	39	Head	83	-1
50	65	Stand	83	-1
31	73	Tail	83	-1
98	11	Tail	83	-1
72	80	Head	83	-1
37	75	Head	83	-1
41	91	Stand	83	-1
98	19	Head	83	-1
9	25	Tail	83	-1
45	99	Tail	83	-1
84	48	Head	83	-1
13	55	Tail	83	-1
6	68	Tail	83	-1
92	24	Tail	83	-1
27	41	Tail	84	-1
24	49	Head	84	-1
16	52	Tail	84	-1
89	34	Tail	84	-1
45	95	Tail	84	-1
40	10	Tail	84	-1
36	7	Tail	84	-1
40	66	Head	84	-1
6	45	Stand	84	-1
58	72	Head	84	-1
89	4	Head	84	-1
73	72	Tail	84	-1
53	24	Tail	84	-1
48	4	Stand	84	-1
32	40	Stand	84	-1
92	47	Head	84	-1
73	42	Stand	84	-1
48	41	Head	84	-1
43	30	Stand	84	-1
3	2	Tail	84	-1
77	26	Tail	84	-1
11	77	Tail	84	-1
27	88	Head	84	-1
18	24	Head	84	-1
42	84	Head	84	-1
25	47	Stand	84	-1
95	66	Tail	84	-1
91	45	Tail	84	-1
6	43	Head	84	-1
80	49	Tail	84	-1
68	10	Head	84	-1
25	65	Head	84	-1
56	99	Head	84	-1
12	94	Tail	84	-1
39	25	Head	84	-1
77	35	Tail	84	-1
65	88	Head	84	-1
9	63	Tail	84	-1
16	77	Tail	84	-1
67	14	Tail	84	-1
69	92	Tail	84	-1
63	13	Tail	84	-1
97	54	Head	84	-1
17	9	Stand	84	-1
34	69	Head	84	-1
61	59	Head	84	-1
17	90	Head	84	-1
95	30	Head	84	-1
62	56	Tail	84	-1
37	52	Head	84	-1
42	16	Stand	84	-1
18	30	Head	84	-1
38	95	Head	84	-1
70	88	Tail	84	-1
34	10	Tail	84	-1
25	12	Tail	84	-1
75	92	Head	84	-1
10	77	Tail	84	-1
1	67	Tail	84	-1
22	8	Tail	84	-1
34	6	Head	84	-1
41	12	Head	84	-1
34	50	Tail	84	-1
87	92	Head	84	-1
55	99	Tail	84	-1
12	91	Tail	84	-1
78	53	Head	84	-1
61	24	Head	84	-1
78	7	Tail	84	-1
33	39	Head	84	-1
50	65	Stand	84	-1
31	73	Tail	84	-1
98	11	Tail	84	-1
72	80	Head	84	-1
37	75	Head	84	-1
41	91	Stand	84	-1
98	19	Head	84	-1
9	25	Tail	84	-1
45	99	Tail	84	-1
84	48	Head	84	-1
13	55	Tail	84	-1
6	68	Tail	84	-1
92	24	Tail	84	-1
41	8	Tail	84	-1
27	41	Tail	85	-1
24	49	Head	85	-1
16	52	Tail	85	-1
89	34	Tail	85	-1
45	95	Tail	85	-1
40	10	Tail	85	-1
36	7	Tail	85	-1
40	66	Head	85	-1
6	45	Stand	85	-1
58	72	Head	85	-1
89	4	Head	85	-1
73	72	Tail	85	-1
53	24	Tail	85	-1
48	4	Stand	85	-1
32	40	Stand	85	-1
92	47	Head	85	-1
73	42	Stand	85	-1
48	41	Head	85	-1
43	30	Stand	85	-1
3	2	Tail	85	-1
77	26	Tail	85	-1
11	77	Tail	85	-1
27	88	Head	85	-1
18	24	Head	85	-1
42	84	Head	85	-1
25	47	Stand	85	-1
95	66	Tail	85	-1
91	45	Tail	85	-1
6	43	Head	85	-1
80	49	Tail	85	-1
68	10	Head	85	-1
25	65	Head	85	-1
56	99	Head	85	-1
12	94	Tail	85	-1
39	25	Head	85	-1
77	35	Tail	85	-1
65	88	Head	85	-1
9	63	Tail	85	-1
16	77	Tail	85	-1
67	14	Tail	85	-1
69	92	Tail	85	-1
63	13	Tail	85	-1
97	54	Head	85	-1
17	9	Stand	85	-1
34	69	Head	85	-1
61	59	Head	85	-1
17	90	Head	85	-1
95	30	Head	85	-1
62	56	Tail	85	-1
37	52	Head	85	-1
42	16	Stand	85	-1
18	30	Head	85	-1
38	95	Head	85	-1
70	88	Tail	85	-1
34	10	Tail	85	-1
25	12	Tail	85	-1
75	92	Head	85	-1
10	77	Tail	85	-1
1	67	Tail	85	-1
22	8	Tail	85	-1
34	6	Head	85	-1
41	12	Head	85	-1
34	50	Tail	85	-1
87	92	Head	85	-1
55	99	Tail	85	-1
12	91	Tail	85	-1
78	53	Head	85	-1
61	24	Head	85	-1
78	7	Tail	85	-1
33	39	Head	85	-1
50	65	Stand	85	-1
31	73	Tail	85	-1
98	11	Tail	85	-1
72	80	Head	85	-1
37	75	Head	85	-1
41	91	Stand	85	-1
98	19	Head	85	-1
9	25	Tail	85	-1
45	99	Tail	85	-1
84	48	Head	85	-1
13	55	Tail	85	-1
6	68	Tail	85	-1
92	24	Tail	85	-1
41	8	Tail	85	-1
62	11	Tail	85	-1
27	41	Tail	86	-1
24	49	Head	86	-1
16	52	Tail	86	-1
89	34	Tail	86	-1
45	95	Tail	86	-1
40	10	Tail	86	-1
36	7	Tail	86	-1
40	66	Head	86	-1
6	45	Stand	86	-1
58	72	Head	86	-1
89	4	Head	86	-1
73	72	Tail	86	-1
53	24	Tail	86	-1
48	4	Stand	86	-1
32	40	Stand	86	-1
92	47	Head	86	-1
73	42	Stand	86	-1
48	41	Head	86	-1
43	30	Stand	86	-1
3	2	Tail	86	-1
77	26	Tail	86	-1
11	77	Tail	86	-1
27	88	Head	86	-1
18	24	Head	86	-1
42	84	Head	86	-1
25	47	Stand	86	-1
95	66	Tail	86	-1
91	45	Tail	86	-1
6	43	Head	86	-1
80	49	Tail	86	-1
68	10	Head	86	-1
25	65	Head	86	-1
56	99	Head	86	-1
12	94	Tail	86	-1
39	25	Head	86	-1
77	35	Tail	86	-1
65	88	Head	86	-1
9	63	Tail	86	-1
16	77	Tail	86	-1
67	14	Tail	86	-1
69	92	Tail	86	-1
63	13	Tail	86	-1
97	54	Head	86	-1
17	9	Stand	86	-1
34	69	Head	86	-1
61	59	Head	86	-1
17	90	Head	86	-1
95	30	Head	86	-1
62	56	Tail	86	-1
37	52	Head	86	-1
42	16	Stand	86	-1
18	30	Head	86	-1
38	95	Head	86	-1
70	88	Tail	86	-1
34	10	Tail	86	-1
25	12	Tail	86	-1
75	92	Head	86	-1
10	77	Tail	86	-1
1	67	Tail	86	-1
22	8	Tail	86	-1
34	6	Head	86	-1
41	12	Head	86	-1
34	50	Tail	86	-1
87	92	Head	86	-1
55	99	Tail	86	-1
12	91	Tail	86	-1
78	53	Head	86	-1
61	24	Head	86	-1
78	7	Tail	86	-1
33	39	Head	86	-1
50	65	Stand	86	-1
31	73	Tail	86	-1
98	11	Tail	86	-1
72	80	Head	86	-1
37	75	Head	86	-1
41	91	Stand	86	-1
98	19	Head	86	-1
9	25	Tail	86	-1
45	99	Tail	86	-1
84	48	Head	86	-1
13	55	Tail	86	-1
6	68	Tail	86	-1
92	24	Tail	86	-1
41	8	Tail	86	-1
62	11	Tail	86	-1
67	22	Head	86	-1
27	41	Tail	87	-1
24	49	Head	87	-1
16	52	Tail	87	-1
89	34	Tail	87	-1
45	95	Tail	87	-1
40	10	Tail	87	-1
36	7	Tail	87	-1
40	66	Head	87	-1
6	45	Stand	87	-1
58	72	Head	87	-1
89	4	Head	87	-1
73	72	Tail	87	-1
53	24	Tail	87	-1
48	4	Stand	87	-1
32	40	Stand	87	-1
92	47	Head	87	-1
73	42	Stand	87	-1
48	41	Head	87	-1
43	30	Stand	87	-1
3	2	Tail	87	-1
77	26	Tail	87	-1
11	77	Tail	87	-1
27	88	Head	87	-1
18	24	Head	87	-1
42	84	Head	87	-1
25	47	Stand	87	-1
95	66	Tail	87	-1
91	45	Tail	87	-1
6	43	Head	87	-1
80	49	Tail	87	-1
68	10	Head	87	-1
25	65	Head	87	-1
56	99	Head	87	-1
12	94	Tail	87	-1
39	25	Head	87	-1
77	35	Tail	87	-1
65	88	Head	87	-1
9	63	Tail	87	-1
16	77	Tail	87	-1
67	14	Tail	87	-1
69	92	Tail	87	-1
63	13	Tail	87	-1
97	54	Head	87	-1
17	9	Stand	87	-1
34	69	Head	87	-1
61	59	Head	87	-1
17	90	Head	87	-1
95	30	Head	87	-1
62	56	Tail	87	-1
37	52	Head	87	-1
42	16	Stand	87	-1
18	30	Head	87	-1
38	95	Head	87	-1
70	88	Tail	87	-1
34	10	Tail	87	-1
25	12	Tail	87	-1
75	92	Head	87	-1
10	77	Tail	87	-1
1	67	Tail	87	-1
22	8	Tail	87	-1
34	6	Head	87	-1
41	12	Head	87	-1
34	50	Tail	87	-1
87	92	Head	87	-1
55	99	Tail	87	-1
12	91	Tail	87	-1
78	53	Head	87	-1
61	24	Head	87	-1
78	7	Tail	87	-1
33	39	Head	87	-1
50	65	Stand	87	-1
31	73	Tail	87	-1
98	11	Tail	87	-1
72	80	Head	87	-1
37	75	Head	87	-1
41	91	Stand	87	-1
98	19	Head	87	-1
9	25	Tail	87	-1
45	99	Tail	87	-1
84	48	Head	87	-1
13	55	Tail	87	-1
6	68	Tail	87	-1
92	24	Tail	87	-1
41	8	Tail	87	-1
62	11	Tail	87	-1
67	22	Head	87	-1
44	0	Tail	87	-1
27	41	Tail	88	-1
24	49	Head	88	-1
16	52	Tail	88	-1
89	34	Tail	88	-1
45	95	Tail	88	-1
40	10	Tail	88	-1
36	7	Tail	88	-1
40	66	Head	88	-1
6	45	Stand	88	-1
58	72	Head	88	-1
89	4	Head	88	-1
73	72	Tail	88	-1
53	24	Tail	88	-1
48	4	Stand	88	-1
32	40	Stand	88	-1
92	47	Head	88	-1
73	42	Stand	88	-1
48	41	Head	88	-1
43	30	Stand	88	-1
3	2	Tail	88	-1
77	26	Tail	88	-1
11	77	Tail	88	-1
27	88	Head	88	-1
18	24	Head	88	-1
42	84	Head	88	-1
25	47	Stand	88	-1
95	66	Tail	88	-1
91	45	Tail	88	-1
6	43	Head	88	-1
80	49	Tail	88	-1
68	10	Head	88	-1
25	65	Head	88	-1
56	99	Head	88	-1
12	94	Tail	88	-1
39	25	Head	88	-1
77	35	Tail	88	-1
65	88	Head	88	-1
9	63	Tail	88	-1
16	77	Tail	88	-1
67	14	Tail	88	-1
69	92	Tail	88	-1
63	13	Tail	88	-1
97	54	Head	88	-1
17	9	Stand	88	-1
34	69	Head	88	-1
61	59	Head	88	-1
17	90	Head	88	-1
95	30	Head	88	-1
62	56	Tail	88	-1
37	52	Head	88	-1
42	16	Stand	88	-1
18	30	Head	88	-1
38	95	Head	88	-1
70	88	Tail	88	-1
34	10	Tail	88	-1
25	12	Tail	88	-1
75	92	Head	88	-1
10	77	Tail	88	-1
1	67	Tail	88	-1
22	8	Tail	88	-1
34	6	Head	88	-1
41	12	Head	88	-1
34	50	Tail	88	-1
87	92	Head	88	-1
55	99	Tail	88	-1
12	91	Tail	88	-1
78	53	Head	88	-1
61	24	Head	88	-1
78	7	Tail	88	-1
33	39	Head	88	-1
50	65	Stand	88	-1
31	73	Tail	88	-1
98	11	Tail	88	-1
72	80	Head	88	-1
37	75	Head	88	-1
41	91	Stand	88	-1
98	19	Head	88	-1
9	25	Tail	88	-1
45	99	Tail	88	-1
84	48	Head	88	-1
13	55	Tail	88	-1
6	68	Tail	88	-1
92	24	Tail	88	-1
41	8	Tail	88	-1
62	11	Tail	88	-1
67	22	Head	88	-1
44	0	Tail	88	-1
70	81	Head	88	-1
27	41	Tail	89	-1
24	49	Head	89	-1
16	52	Tail	89	-1
89	34	Tail	89	-1
45	95	Tail	89	-1
40	10	Tail	89	-1
36	7	Tail	89	-1
40	66	Head	89	-1
6	45	Stand	89	-1
58	72	Head	89	-1
89	4	Head	89	-1
73	72	Tail	89	-1
53	24	Tail	89	-1
48	4	Stand	89	-1
32	40	Stand	89	-1
92	47	Head	89	-1
73	42	Stand	89	-1
48	41	Head	89	-1
43	30	Stand	89	-1
3	2	Tail	89	-1
77	26	Tail	89	-1
11	77	Tail	89	-1
27	88	Head	89	-1
18	24	Head	89	-1
42	84	Head	89	-1
25	47	Stand	89	-1
95	66	Tail	89	-1
91	45	Tail	89	-1
6	43	Head	89	-1
80	49	Tail	89	-1
68	10	Head	89	-1
25	65	Head	89	-1
56	99	Head	89	-1
12	94	Tail	89	-1
39	25	Head	89	-1
77	35	Tail	89	-1
65	88	Head	89	-1
9	63	Tail	89	-1
16	77	Tail	89	-1
67	14	Tail	89	-1
69	92	Tail	89	-1
63	13	Tail	89	-1
97	54	Head	89	-1
17	9	Stand	89	-1
34	69	Head	89	-1
61	59	Head	89	-1
17	90	Head	89	-1
95	30	Head	89	-1
62	56	Tail	89	-1
37	52	Head	89	-1
42	16	Stand	89	-1
18	30	Head	89	-1
38	95	Head	89	-1
70	88	Tail	89	-1
34	10	Tail	89	-1
25	12	Tail	89	-1
75	92	Head	89	-1
10	77	Tail	89	-1
1	67	Tail	89	-1
22	8	Tail	89	-1
34	6	Head	89	-1
41	12	Head	89	-1
34	50	Tail	89	-1
87	92	Head	89	-1
55	99	Tail	89	-1
12	91	Tail	89	-1
78	53	Head	89	-1
61	24	Head	89	-1
78	7	Tail	89	-1
33	39	Head	89	-1
50	65	Stand	89	-1
31	73	Tail	89	-1
98	11	Tail	89	-1
72	80	Head	89	-1
37	75	Head	89	-1
41	91	Stand	89	-1
98	19	Head	89	-1
9	25	Tail	89	-1
45	99	Tail	89	-1
84	48	Head	89	-1
13	55	Tail	89	-1
6	68	Tail	89	-1
92	24	Tail	89	-1
41	8	Tail	89	-1
62	11	Tail	89	-1
67	22	Head	89	-1
44	0	Tail	89	-1
70	81	Head	89	-1
62	9	Tail	89	-1
27	41	Tail	90	-1
24	49	Head	90	-1
16	52	Tail	90	-1
89	34	Tail	90	-1
45	95	Tail	90	-1
40	10	Tail	90	-1
36	7	Tail	90	-1
40	66	Head	90	-1
6	45	Stand	90	-1
58	72	Head	90	-1
89	4	Head	90	-1
73	72	Tail	90	-1
53	24	Tail	90	-1
48	4	Stand	90	-1
32	40	Stand	90	-1
92	47	Head	90	-1
73	42	Stand	90	-1
48	41	Head	90	-1
43	30	Stand	90	-1
3	2	Tail	90	-1
77	26	Tail	90	-1
11	77	Tail	90	-1
27	88	Head	90	-1
18	24	Head	90	-1
42	84	Head	90	-1
25	47	Stand	90	-1
95	66	Tail	90	-1
91	45	Tail	90	-1
6	43	Head	90	-1
80	49	Tail	90	-1
68	10	Head	90	-1
25	65	Head	90	-1
56	99	Head	90	-1
12	94	Tail	90	-1
39	25	Head	90	-1
77	35	Tail	90	-1
65	88	Head	90	-1
9	63	Tail	90	-1
16	77	Tail	90	-1
67	14	Tail	90	-1
69	92	Tail	90	-1
63	13	Tail	90	-1
97	54	Head	90	-1
17	9	Stand	90	-1
34	69	Head	90	-1
61	59	Head	90	-1
17	90	Head	90	-1
95	30	Head	90	-1
62	56	Tail	90	-1
37	52	Head	90	-1
42	16	Stand	90	-1
18	30	Head	90	-1
38	95	Head	90	-1
70	88	Tail	90	-1
34	10	Tail	90	-1
25	12	Tail	90	-1
75	92	Head	90	-1
10	77	Tail	90	-1
1	67	Tail	90	-1
22	8	Tail	90	-1
34	6	Head	90	-1
41	12	Head	90	-1
34	50	Tail	90	-1
87	92	Head	90	-1
55	99	Tail	90	-1
12	91	Tail	90	-1
78	53	Head	90	-1
61	24	Head	90	-1
78	7	Tail	90	-1
33	39	Head	90	-1
50	65	Stand	90	-1
31	73	Tail	90	-1
98	11	Tail	90	-1
72	80	Head	90	-1
37	75	Head	90	-1
41	91	Stand	90	-1
98	19	Head	90	-1
9	25	Tail	90	-1
45	99	Tail	90	-1
84	48	Head	90	-1
13	55	Tail	90	-1
6	68	Tail	90	-1
92	24	Tail	90	-1
41	8	Tail	90	-1
62	11	Tail	90	-1
67	22	Head	90	-1
44	0	Tail	90	-1
70	81	Head	90	-1
62	9	Tail	90	-1
1	18	Stand	90	-1
27	41	Tail	91	-1
24	49	Head	91	-1
16	52	Tail	91	-1
89	34	Tail	91	-1
45	95	Tail	91	-1
40	10	Tail	91	-1
36	7	Tail	91	-1
40	66	Head	91	-1
6	45	Stand	91	-1
58	72	Head	91	-1
89	4	Head	91	-1
73	72	Tail	91	-1
53	24	Tail	91	-1
48	4	Stand	91	-1
32	40	Stand	91	-1
92	47	Head	91	-1
73	42	Stand	91	-1
48	41	Head	91	-1
43	30	Stand	91	-1
3	2	Tail	91	-1
77	26	Tail	91	-1
11	77	Tail	91	-1
27	88	Head	91	-1
18	24	Head	91	-1
42	84	Head	91	-1
25	47	Stand	91	-1
95	66	Tail	91	-1
91	45	Tail	91	-1
6	43	Head	91	-1
80	49	Tail	91	-1
68	10	Head	91	-1
25	65	Head	91	-1
56	99	Head	91	-1
12	94	Tail	91	-1
39	25	Head	91	-1
77	35	Tail	91	-1
65	88	Head	91	-1
9	63	Tail	91	-1
16	77	Tail	91	-1
67	14	Tail	91	-1
69	92	Tail	91	-1
63	13	Tail	91	-1
97	54	Head	91	-1
17	9	Stand	91	-1
34	69	Head	91	-1
61	59	Head	91	-1
17	90	Head	91	-1
95	30	Head	91	-1
62	56	Tail	91	-1
37	52	Head	91	-1
42	16	Stand	91	-1
18	30	Head	91	-1
38	95	Head	91	-1
70	88	Tail	91	-1
34	10	Tail	91	-1
25	12	Tail	91	-1
75	92	Head	91	-1
10	77	Tail	91	-1
1	67	Tail	91	-1
22	8	Tail	91	-1
34	6	Head	91	-1
41	12	Head	91	-1
34	50	Tail	91	-1
87	92	Head	91	-1
55	99	Tail	91	-1
12	91	Tail	91	-1
78	53	Head	91	-1
61	24	Head	91	-1
78	7	Tail	91	-1
33	39	Head	91	-1
50	65	Stand	91	-1
31	73	Tail	91	-1
98	11	Tail	91	-1
72	80	Head	91	-1
37	75	Head	91	-1
41	91	Stand	91	-1
98	19	Head	91	-1
9	25	Tail	91	-1
45	99	Tail	91	-1
84	48	Head	91	-1
13	55	Tail	91	-1
6	68	Tail	91	-1
92	24	Tail	91	-1
41	8	Tail	91	-1
62	11	Tail	91	-1
67	22	Head	91	-1
44	0	Tail	91	-1
70	81	Head	91	-1
62	9	Tail	91	-1
1	18	Stand	91	-1
34	36	Tail	91	-1
27	41	Tail	92	-1
24	49	Head	92	-1
16	52	Tail	92	-1
89	34	Tail	92	-1
45	95	Tail	92	-1
40	10	Tail	92	-1
36	7	Tail	92	-1
40	66	Head	92	-1
6	45	Stand	92	-1
58	72	Head	92	-1
89	4	Head	92	-1
73	72	Tail	92	-1
53	24	Tail	92	-1
48	4	Stand	92	-1
32	40	Stand	92	-1
92	47	Head	92	-1
73	42	Stand	92	-1
48	41	Head	92	-1
43	30	Stand	92	-1
3	2	Tail	92	-1
77	26	Tail	92	-1
11	77	Tail	92	-1
27	88	Head	92	-1
18	24	Head	92	-1
42	84	Head	92	-1
25	47	Stand	92	-1
95	66	Tail	92	-1
91	45	Tail	92	-1
6	43	Head	92	-1
80	49	Tail	92	-1
68	10	Head	92	-1
25	65	Head	92	-1
56	99	Head	92	-1
12	94	Tail	92	-1
39	25	Head	92	-1
77	35	Tail	92	-1
65	88	Head	92	-1
9	63	Tail	92	-1
16	77	Tail	92	-1
67	14	Tail	92	-1
69	92	Tail	92	-1
63	13	Tail	92	-1
97	54	Head	92	-1
17	9	Stand	92	-1
34	69	Head	92	-1
61	59	Head	92	-1
17	90	Head	92	-1
95	30	Head	92	-1
62	56	Tail	92	-1
37	52	Head	92	-1
42	16	Stand	92	-1
18	30	Head	92	-1
38	95	Head	92	-1
70	88	Tail	92	-1
34	10	Tail	92	-1
25	12	Tail	92	-1
75	92	Head	92	-1
10	77	Tail	92	-1
1	67	Tail	92	-1
22	8	Tail	92	-1
34	6	Head	92	-1
41	12	Head	92	-1
34	50	Tail	92	-1
87	92	Head	92	-1
55	99	Tail	92	-1
12	91	Tail	92	-1
78	53	Head	92	-1
61	24	Head	92	-1
78	7	Tail	92	-1
33	39	Head	92	-1
50	65	Stand	92	-1
31	73	Tail	92	-1
98	11	Tail	92	-1
72	80	Head	92	-1
37	75	Head	92	-1
41	91	Stand	92	-1
98	19	Head	92	-1
9	25	Tail	92	-1
45	99	Tail	92	-1
84	48	Head	92	-1
13	55	Tail	92	-1
6	68	Tail	92	-1
92	24	Tail	92	-1
41	8	Tail	92	-1
62	11	Tail	92	-1
67	22	Head	92	-1
44	0	Tail	92	-1
70	81	Head	92	-1
62	9	Tail	92	-1
1	18	Stand	92	-1
34	36	Tail	92	-1
2	16	Head	92	-1
27	41	Tail	93	-1
24	49	Head	93	-1
16	52	Tail	93	-1
89	34	Tail	93	-1
45	95	Tail	93	-1
40	10	Tail	93	-1
36	7	Tail	93	-1
40	66	Head	93	-1
6	45	Stand	93	-1
58	72	Head	93	-1
89	4	Head	93	-1
73	72	Tail	93	-1
53	24	Tail	93	-1
48	4	Stand	93	-1
32	40	Stand	93	-1
92	47	Head	93	-1
73	42	Stand	93	-1
48	41	Head	93	-1
43	30	Stand	93	-1
3	2	Tail	93	-1
77	26	Tail	93	-1
11	77	Tail	93	-1
27	88	Head	93	-1
18	24	Head	93	-1
42	84	Head	93	-1
25	47	Stand	93	-1
95	66	Tail	93	-1
91	45	Tail	93	-1
6	43	Head	93	-1
80	49	Tail	93	-1
68	10	Head	93	-1
25	65	Head	93	-1
56	99	Head	93	-1
12	94	Tail	93	-1
39	25	Head	93	-1
77	35	Tail	93	-1
65	88	Head	93	-1
9	63	Tail	93	-1
16	77	Tail	93	-1
67	14	Tail	93	-1
69	92	Tail	93	-1
63	13	Tail	93	-1
97	54	Head	93	-1
17	9	Stand	93	-1
34	69	Head	93	-1
61	59	Head	93	-1
17	90	Head	93	-1
95	30	Head	93	-1
62	56	Tail	93	-1
37	52	Head	93	-1
42	16	Stand	93	-1
18	30	Head	93	-1
38	95	Head	93	-1
70	88	Tail	93	-1
34	10	Tail	93	-1
25	12	Tail	93	-1
75	92	Head	93	-1
10	77	Tail	93	-1
1	67	Tail	93	-1
22	8	Tail	93	-1
34	6	Head	93	-1
41	12	Head	93	-1
34	50	Tail	93	-1
87	92	Head	93	-1
55	99	Tail	93	-1
12	91	Tail	93	-1
78	53	Head	93	-1
61	24	Head	93	-1
78	7	Tail	93	-1
33	39	Head	93	-1
50	65	Stand	93	-1
31	73	Tail	93	-1
98	11	Tail	93	-1
72	80	Head	93	-1
37	75	Head	93	-1
41	91	Stand	93	-1
98	19	Head	93	-1
9	25	Tail	93	-1
45	99	Tail	93	-1
84	48	Head	93	-1
13	55	Tail	93	-1
6	68	Tail	93	-1
92	24	Tail	93	-1
41	8	Tail	93	-1
62	11	Tail	93	-1
67	22	Head	93	-1
44	0	Tail	93	-1
70	81	Head	93	-1
62	9	Tail	93	-1
1	18	Stand	93	-1
34	36	Tail	93	-1
2	16	Head	93	-1
24	61	Head	93	-1
27	41	Tail	94	-1
24	49	Head	94	-1
16	52	Tail	94	-1
89	34	Tail	94	-1
45	95	Tail	94	-1
40	10	Tail	94	-1
36	7	Tail	94	-1
40	66	Head	94	-1
6	45	Stand	94	-1
58	72	Head	94	-1
89	4	Head	94	-1
73	72	Tail	94	-1
53	24	Tail	94	-1
48	4	Stand	94	-1
32	40	Stand	94	-1
92	47	Head	94	-1
73	42	Stand	94	-1
48	41	Head	94	-1
43	30	Stand	94	-1
3	2	Tail	94	-1
77	26	Tail	94	-1
11	77	Tail	94	-1
27	88	Head	94	-1
18	24	Head	94	-1
42	84	Head	94	-1
25	47	Stand	94	-1
95	66	Tail	94	-1
91	45	Tail	94	-1
6	43	Head	94	-1
80	49	Tail	94	-1
68	10	Head	94	-1
25	65	Head	94	-1
56	99	Head	94	-1
12	94	Tail	94	-1
39	25	Head	94	-1
77	35	Tail	94	-1
65	88	Head	94	-1
9	63	Tail	94	-1
16	77	Tail	94	-1
67	14	Tail	94	-1
69	92	Tail	94	-1
63	13	Tail	94	-1
97	54	Head	94	-1
17	9	Stand	94	-1
34	69	Head	94	-1
61	59	Head	94	-1
17	90	Head	94	-1
95	30	Head	94	-1
62	56	Tail	94	-1
37	52	Head	94	-1
42	16	Stand	94	-1
18	30	Head	94	-1
38	95	Head	94	-1
70	88	Tail	94	-1
34	10	Tail	94	-1
25	12	Tail	94	-1
75	92	Head	94	-1
10	77	Tail	94	-1
1	67	Tail	94	-1
22	8	Tail	94	-1
34	6	Head	94	-1
41	12	Head	94	-1
34	50	Tail	94	-1
87	92	Head	94	-1
55	99	Tail	94	-1
12	91	Tail	94	-1
78	53	Head	94	-1
61	24	Head	94	-1
78	7	Tail	94	-1
33	39	Head	94	-1
50	65	Stand	94	-1
31	73	Tail	94	-1
98	11	Tail	94	-1
72	80	Head	94	-1
37	75	Head	94	-1
41	91	Stand	94	-1
98	19	Head	94	-1
9	25	Tail	94	-1
45	99	Tail	94	-1
84	48	Head	94	-1
13	55	Tail	94	-1
6	68	Tail	94	-1
92	24	Tail	94	-1
41	8	Tail	94	-1
62	11	Tail	94	-1
67	22	Head	94	-1
44	0	Tail	94	-1
70	81	Head	94	-1
62	9	Tail	94	-1
1	18	Stand	94	-1
34	36	Tail	94	-1
2	16	Head	94	-1
24	61	Head	94	-1
16	87	Tail	94	-1
27	41	Tail	95	-1
24	49	Head	95	-1
16	52	Tail	95	-1
89	34	Tail	95	-1
45	95	Tail	95	-1
40	10	Tail	95	-1
36	7	Tail	95	-1
40	66	Head	95	-1
6	45	Stand	95	-1
58	72	Head	95	-1
89	4	Head	95	-1
73	72	Tail	95	-1
53	24	Tail	95	-1
48	4	Stand	95	-1
32	40	Stand	95	-1
92	47	Head	95	-1
73	42	Stand	95	-1
48	41	Head	95	-1
43	30	Stand	95	-1
3	2	Tail	95	-1
77	26	Tail	95	-1
11	77	Tail	95	-1
27	88	Head	95	-1
18	24	Head	95	-1
42	84	Head	95	-1
25	47	Stand	95	-1
95	66	Tail	95	-1
91	45	Tail	95	-1
6	43	Head	95	-1
80	49	Tail	95	-1
68	10	Head	95	-1
25	65	Head	95	-1
56	99	Head	95	-1
12	94	Tail	95	-1
39	25	Head	95	-1
77	35	Tail	95	-1
65	88	Head	95	-1
9	63	Tail	95	-1
16	77	Tail	95	-1
67	14	Tail	95	-1
69	92	Tail	95	-1
63	13	Tail	95	-1
97	54	Head	95	-1
17	9	Stand	95	-1
34	69	Head	95	-1
61	59	Head	95	-1
17	90	Head	95	-1
95	30	Head	95	-1
62	56	Tail	95	-1
37	52	Head	95	-1
42	16	Stand	95	-1
18	30	Head	95	-1
38	95	Head	95	-1
70	88	Tail	95	-1
34	10	Tail	95	-1
25	12	Tail	95	-1
75	92	Head	95	-1
10	77	Tail	95	-1
1	67	Tail	95	-1
22	8	Tail	95	-1
34	6	Head	95	-1
41	12	Head	95	-1
34	50	Tail	95	-1
87	92	Head	95	-1
55	99	Tail	95	-1
12	91	Tail	95	-1
78	53	Head	95	-1
61	24	Head	95	-1
78	7	Tail	95	-1
33	39	Head	95	-1
50	65	Stand	95	-1
31	73	Tail	95	-1
98	11	Tail	95	-1
72	80	Head	95	-1
37	75	Head	95	-1
41	91	Stand	95	-1
98	19	Head	95	-1
9	25	Tail	95	-1
45	99	Tail	95	-1
84	48	Head	95	-1
13	55	Tail	95	-1
6	68	Tail	95	-1
92	24	Tail	95	-1
41	8	Tail	95	-1
62	11	Tail	95	-1
67	22	Head	95	-1
44	0	Tail	95	-1
70	81	Head	95	-1
62	9	Tail	95	-1
1	18	Stand	95	-1
34	36	Tail	95	-1
2	16	Head	95	-1
24	61	Head	95	-1
16	87	Tail	95	-1
32	63	Head	95	-1
27	41	Tail	96	-1
24	49	Head	96	-1
16	52	Tail	96	-1
89	34	Tail	96	-1
45	95	Tail	96	-1
40	10	Tail	96	-1
36	7	Tail	96	-1
40	66	Head	96	-1
6	45	Stand	96	-1
58	72	Head	96	-1
89	4	Head	96	-1
73	72	Tail	96	-1
53	24	Tail	96	-1
48	4	Stand	96	-1
32	40	Stand	96	-1
92	47	Head	96	-1
73	42	Stand	96	-1
48	41	Head	96	-1
43	30	Stand	96	-1
3	2	Tail	96	-1
77	26	Tail	96	-1
11	77	Tail	96	-1
27	88	Head	96	-1
18	24	Head	96	-1
42	84	Head	96	-1
25	47	Stand	96	-1
95	66	Tail	96	-1
91	45	Tail	96	-1
6	43	Head	96	-1
80	49	Tail	96	-1
68	10	Head	96	-1
25	65	Head	96	-1
56	99	Head	96	-1
12	94	Tail	96	-1
39	25	Head	96	-1
77	35	Tail	96	-1
65	88	Head	96	-1
9	63	Tail	96	-1
16	77	Tail	96	-1
67	14	Tail	96	-1
69	92	Tail	96	-1
63	13	Tail	96	-1
97	54	Head	96	-1
17	9	Stand	96	-1
34	69	Head	96	-1
61	59	Head	96	-1
17	90	Head	96	-1
95	30	Head	96	-1
62	56	Tail	96	-1
37	52	Head	96	-1
42	16	Stand	96	-1
18	30	Head	96	-1
38	95	Head	96	-1
70	88	Tail	96	-1
34	10	Tail	96	-1
25	12	Tail	96	-1
75	92	Head	96	-1
10	77	Tail	96	-1
1	67	Tail	96	-1
22	8	Tail	96	-1
34	6	Head	96	-1
41	12	Head	96	-1
34	50	Tail	96	-1
87	92	Head	96	-1
55	99	Tail	96	-1
12	91	Tail	96	-1
78	53	Head	96	-1
61	24	Head	96	-1
78	7	Tail	96	-1
33	39	Head	96	-1
50	65	Stand	96	-1
31	73	Tail	96	-1
98	11	Tail	96	-1
72	80	Head	96	-1
37	75	Head	96	-1
41	91	Stand	96	-1
98	19	Head	96	-1
9	25	Tail	96	-1
45	99	Tail	96	-1
84	48	Head	96	-1
13	55	Tail	96	-1
6	68	Tail	96	-1
92	24	Tail	96	-1
41	8	Tail	96	-1
62	11	Tail	96	-1
67	22	Head	96	-1
44	0	Tail	96	-1
70	81	Head	96	-1
62	9	Tail	96	-1
1	18	Stand	96	-1
34	36	Tail	96	-1
2	16	Head	96	-1
24	61	Head	96	-1
16	87	Tail	96	-1
32	63	Head	96	-1
25	57	Tail	96	-1
27	41	Tail	97	-1
24	49	Head	97	-1
16	52	Tail	97	-1
89	34	Tail	97	-1
45	95	Tail	97	-1
40	10	Tail	97	-1
36	7	Tail	97	-1
40	66	Head	97	-1
6	45	Stand	97	-1
58	72	Head	97	-1
89	4	Head	97	-1
73	72	Tail	97	-1
53	24	Tail	97	-1
48	4	Stand	97	-1
32	40	Stand	97	-1
92	47	Head	97	-1
73	42	Stand	97	-1
48	41	Head	97	-1
43	30	Stand	97	-1
3	2	Tail	97	-1
77	26	Tail	97	-1
11	77	Tail	97	-1
27	88	Head	97	-1
18	24	Head	97	-1
42	84	Head	97	-1
25	47	Stand	97	-1
95	66	Tail	97	-1
91	45	Tail	97	-1
6	43	Head	97	-1
80	49	Tail	97	-1
68	10	Head	97	-1
25	65	Head	97	-1
56	99	Head	97	-1
12	94	Tail	97	-1
39	25	Head	97	-1
77	35	Tail	97	-1
65	88	Head	97	-1
9	63	Tail	97	-1
16	77	Tail	97	-1
67	14	Tail	97	-1
69	92	Tail	97	-1
63	13	Tail	97	-1
97	54	Head	97	-1
17	9	Stand	97	-1
34	69	Head	97	-1
61	59	Head	97	-1
17	90	Head	97	-1
95	30	Head	97	-1
62	56	Tail	97	-1
37	52	Head	97	-1
42	16	Stand	97	-1
18	30	Head	97	-1
38	95	Head	97	-1
70	88	Tail	97	-1
34	10	Tail	97	-1
25	12	Tail	97	-1
75	92	Head	97	-1
10	77	Tail	97	-1
1	67	Tail	97	-1
22	8	Tail	97	-1
34	6	Head	97	-1
41	12	Head	97	-1
34	50	Tail	97	-1
87	92	Head	97	-1
55	99	Tail	97	-1
12	91	Tail	97	-1
78	53	Head	97	-1
61	24	Head	97	-1
78	7	Tail	97	-1
33	39	Head	97	-1
50	65	Stand	97	-1
31	73	Tail	97	-1
98	11	Tail	97	-1
72	80	Head	97	-1
37	75	Head	97	-1
41	91	Stand	97	-1
98	19	Head	97	-1
9	25	Tail	97	-1
45	99	Tail	97	-1
84	48	Head	97	-1
13	55	Tail	97	-1
6	68	Tail	97	-1
92	24	Tail	97	-1
41	8	Tail	97	-1
62	11	Tail	97	-1
67	22	Head	97	-1
44	0	Tail	97	-1
70	81	Head	97	-1
62	9	Tail	97	-1
1	18	Stand	97	-1
34	36	Tail	97	-1
2	16	Head	97	-1
24	61	Head	97	-1
16	87	Tail	97	-1
32	63	Head	97	-1
25	57	Tail	97	-1
33	31	Tail	97	-1
27	41	Tail	98	-1
24	49	Head	98	-1
16	52	Tail	98	-1
89	34	Tail	98	-1
45	95	Tail	98	-1
40	10	Tail	98	-1
36	7	Tail	98	-1
40	66	Head	98	-1
6	45	Stand	98	-1
58	72	Head	98	-1
89	4	Head	98	-1
73	72	Tail	98	-1
53	24	Tail	98	-1
48	4	Stand	98	-1
32	40	Stand	98	-1
92	47	Head	98	-1
73	42	Stand	98	-1
48	41	Head	98	-1
43	30	Stand	98	-1
3	2	Tail	98	-1
77	26	Tail	98	-1
11	77	Tail	98	-1
27	88	Head	98	-1
18	24	Head	98	-1
42	84	Head	98	-1
25	47	Stand	98	-1
95	66	Tail	98	-1
91	45	Tail	98	-1
6	43	Head	98	-1
80	49	Tail	98	-1
68	10	Head	98	-1
25	65	Head	98	-1
56	99	Head	98	-1
12	94	Tail	98	-1
39	25	Head	98	-1
77	35	Tail	98	-1
65	88	Head	98	-1
9	63	Tail	98	-1
16	77	Tail	98	-1
67	14	Tail	98	-1
69	92	Tail	98	-1
63	13	Tail	98	-1
97	54	Head	98	-1
17	9	Stand	98	-1
34	69	Head	98	-1
61	59	Head	98	-1
17	90	Head	98	-1
95	30	Head	98	-1
62	56	Tail	98	-1
37	52	Head	98	-1
42	16	Stand	98	-1
18	30	Head	98	-1
38	95	Head	98	-1
70	88	Tail	98	-1
34	10	Tail	98	-1
25	12	Tail	98	-1
75	92	Head	98	-1
10	77	Tail	98	-1
1	67	Tail	98	-1
22	8	Tail	98	-1
34	6	Head	98	-1
41	12	Head	98	-1
34	50	Tail	98	-1
87	92	Head	98	-1
55	99	Tail	98	-1
12	91	Tail	98	-1
78	53	Head	98	-1
61	24	Head	98	-1
78	7	Tail	98	-1
33	39	Head	98	-1
50	65	Stand	98	-1
31	73	Tail	98	-1
98	11	Tail	98	-1
72	80	Head	98	-1
37	75	Head	98	-1
41	91	Stand	98	-1
98	19	Head	98	-1
9	25	Tail	98	-1
45	99	Tail	98	-1
84	48	Head	98	-1
13	55	Tail	98	-1
6	68	Tail	98	-1
92	24	Tail	98	-1
41	8	Tail	98	-1
62	11	Tail	98	-1
67	22	Head	98	-1
44	0	Tail	98	-1
70	81	Head	98	-1
62	9	Tail	98	-1
1	18	Stand	98	-1
34	36	Tail	98	-1
2	16	Head	98	-1
24	61	Head	98	-1
16	87	Tail	98	-1
32	63	Head	98	-1
25	57	Tail	98	-1
33	31	Tail	98	-1
66	22	Head	98	-1
27	41	Tail	99	-1
24	49	Head	99	-1
16	52	Tail	99	-1
89	34	Tail	99	-1
45	95	Tail	99	-1
40	10	Tail	99	-1
36	7	Tail	99	-1
40	66	Head	99	-1
6	45	Stand	99	-1
58	72	Head	99	-1
89	4	Head	99	-1
73	72	Tail	99	-1
53	24	Tail	99	-1
48	4	Stand	99	-1
32	40	Stand	99	-1
92	47	Head	99	-1
73	42	Stand	99	-1
48	41	Head	99	-1
43	30	Stand	99	-1
3	2	Tail	99	-1
77	26	Tail	99	-1
11	77	Tail	99	-1
27	88	Head	99	-1
18	24	Head	99	-1
42	84	Head	99	-1
25	47	Stand	99	-1
95	66	Tail	99	-1
91	45	Tail	99	-1
6	43	Head	99	-1
80	49	Tail	99	-1
68	10	Head	99	-1
25	65	Head	99	-1
56	99	Head	99	-1
12	94	Tail	99	-1
39	25	Head	99	-1
77	35	Tail	99	-1
65	88	Head	99	-1
9	63	Tail	99	-1
16	77	Tail	99	-1
67	14	Tail	99	-1
69	92	Tail	99	-1
63	13	Tail	99	-1
97	54	Head	99	-1
17	9	Stand	99	-1
34	69	Head	99	-1
61	59	Head	99	-1
17	90	Head	99	-1
95	30	Head	99	-1
62	56	Tail	99	-1
37	52	Head	99	-1
42	16	Stand	99	-1
18	30	Head	99	-1
38	95	Head	99	-1
70	88	Tail	99	-1
34	10	Tail	99	-1
25	12	Tail	99	-1
75	92	Head	99	-1
10	77	Tail	99	-1
1	67	Tail	99	-1
22	8	Tail	99	-1
34	6	Head	99	-1
41	12	Head	99	-1
34	50	Tail	99	-1
87	92	Head	99	-1
55	99	Tail	99	-1
12	91	Tail	99	-1
78	53	Head	99	-1
61	24	Head	99	-1
78	7	Tail	99	-1
33	39	Head	99	-1
50	65	Stand	99	-1
31	73	Tail	99	-1
98	11	Tail	99	-1
72	80	Head	99	-1
37	75	Head	99	-1
41	91	Stand	99	-1
98	19	Head	99	-1
9	25	Tail	99	-1
45	99	Tail	99	-1
84	48	Head	99	-1
13	55	Tail	99	-1
6	68	Tail	99	-1
92	24	Tail	99	-1
41	8	Tail	99	-1
62	11	Tail	99	-1
67	22	Head	99	-1
44	0	Tail	99	-1
70	81	Head	99	-1
62	9	Tail	99	-1
1	18	Stand	99	-1
34	36	Tail	99	-1
2	16	Head	99	-1
24	61	Head	99	-1
16	87	Tail	99	-1
32	63	Head	99	-1
25	57	Tail	99	-1
33	31	Tail	99	-1
66	22	Head	99	-1
52	22	Tail	99	-1
27	41	Tail	100	-1
24	49	Head	100	-1
16	52	Tail	100	-1
89	34	Tail	100	-1
45	95	Tail	100	-1
40	10	Tail	100	-1
36	7	Tail	100	-1
40	66	Head	100	-1
6	45	Stand	100	-1
58	72	Head	100	-1
89	4	Head	100	-1
73	72	Tail	100	-1
53	24	Tail	100	-1
48	4	Stand	100	-1
32	40	Stand	100	-1
92	47	Head	100	-1
73	42	Stand	100	-1
48	41	Head	100	-1
43	30	Stand	100	-1
3	2	Tail	100	-1
77	26	Tail	100	-1
11	77	Tail	100	-1
27	88	Head	100	-1
18	24	Head	100	-1
42	84	Head	100	-1
25	47	Stand	100	-1
95	66	Tail	100	-1
91	45	Tail	100	-1
6	43	Head	100	-1
80	49	Tail	100	-1
68	10	Head	100	-1
25	65	Head	100	-1
56	99	Head	100	-1
12	94	Tail	100	-1
39	25	Head	100	-1
77	35	Tail	100	-1
65	88	Head	100	-1
9	63	Tail	100	-1
16	77	Tail	100	-1
67	14	Tail	100	-1
69	92	Tail	100	-1
63	13	Tail	100	-1
97	54	Head	100	-1
17	9	Stand	100	-1
34	69	Head	100	-1
61	59	Head	100	-1
17	90	Head	100	-1
95	30	Head	100	-1
62	56	Tail	100	-1
37	52	Head	100	-1
42	16	Stand	100	-1
18	30	Head	100	-1
38	95	Head	100	-1
70	88	Tail	100	-1
34	10	Tail	100	-1
25	12	Tail	100	-1
75	92	Head	100	-1
10	77	Tail	100	-1
1	67	Tail	100	-1
22	8	Tail	100	-1
34	6	Head	100	-1
41	12	Head	100	-1
34	50	Tail	100	-1
87	92	Head	100	-1
55	99	Tail	100	-1
12	91	Tail	100	-1
78	53	Head	100	-1
61	24	Head	100	-1
78	7	Tail	100	-1
33	39	Head	100	-1
50	65	Stand	100	-1
31	73	Tail	100	-1
98	11	Tail	100	-1
72	80	Head	100	-1
37	75	Head	100	-1
41	91	Stand	100	-1
98	19	Head	100	-1
9	25	Tail	100	-1
45	99	Tail	100	-1
84	48	Head	100	-1
13	55	Tail	100	-1
6	68	Tail	100	-1
92	24	Tail	100	-1
41	8	Tail	100	-1
62	11	Tail	100	-1
67	22	Head	100	-1
44	0	Tail	100	-1
70	81	Head	100	-1
62	9	Tail	100	-1
1	18	Stand	100	-1
34	36	Tail	100	-1
2	16	Head	100	-1
24	61	Head	100	-1
16	87	Tail	100	-1
32	63	Head	100	-1
25	57	Tail	100	-1
33	31	Tail	100	-1
66	22	Head	100	-1
52	22	Tail	100	-1
44	39	Head	100	-1
